job_card_no,warning_type,detail,created_at
2023/3/R/27,ODOMETER_EXTRACTED,135198 Km,2026-07-12 10:48:40
2023/3/R/32,EQUIPMENT_ASSET,police power generator,2026-07-12 10:48:40
2023/3/R/50,NONSTANDARD_SITE,Solution,2026-07-12 10:48:40
2023/3/R/54,NONSTANDARD_SITE,Solution,2026-07-12 10:48:40
2023/3/R/58,EQUIPMENT_ASSET,Bar bender,2026-07-12 10:48:40
2023/3/R/68,EQUIPMENT_ASSET,3 phase motor,2026-07-12 10:48:40
2023/3/R/69,NONSTANDARD_SITE,H/O,2026-07-12 10:48:40
2023/4/R/121,DATE_INVERTED,opened 2023-04-26 > closed 2023-04-24,2026-07-12 10:48:40
2023/4/R/123,ODOMETER_EXTRACTED,263537 Km,2026-07-12 10:48:40
2023/5/R/143,NONSTANDARD_SITE,W/S C-com,2026-07-12 10:48:40
2023/5/R/165,EQUIPMENT_ASSET,Slasher,2026-07-12 10:48:40
2023/5/R/183,NONSTANDARD_SITE,TR-01,2026-07-12 10:48:40
2023/6/R/193,ODOMETER_EXTRACTED,290478 Km,2026-07-12 10:48:40
2023/6/R/211,NONSTANDARD_SITE,H/O,2026-07-12 10:48:40
2023/6/R/215,NONSTANDARD_SITE,TR-03,2026-07-12 10:48:40
2023/6/R/244,ODOMETER_EXTRACTED,152778 Km,2026-07-12 10:48:40
2023/6/R/248,EQUIPMENT_ASSET,Heat Machine,2026-07-12 10:48:40
2023/7/R/255,ODOMETER_EXTRACTED,5118 Hrs,2026-07-12 10:48:40
2023/7/R/288,EQUIPMENT_ASSET,service bay,2026-07-12 10:48:40
2023/7/R/309,NONSTANDARD_SITE,H/O,2026-07-12 10:48:40
2023/7/R/348,EQUIPMENT_ASSET,Fabrication WG,2026-07-12 10:48:40
2023/8/R/397,NONSTANDARD_SITE,cep-03,2026-07-12 10:48:40
2023/8/R/398,NONSTANDARD_SITE,cep-03,2026-07-12 10:48:40
2023/8/R/400,NONSTANDARD_SITE,cep-03,2026-07-12 10:48:40
2023/9/R/444,EQUIPMENT_ASSET,"2"" water pump",2026-07-12 10:48:40
2023/9/R/470,EQUIPMENT_ASSET,tafe tractor,2026-07-12 10:48:40
2023/9/R/476,EQUIPMENT_ASSET,plate compactor,2026-07-12 10:48:40
2023/9/R/480,NONSTANDARD_SITE,cep-03,2026-07-12 10:48:40
2023/9/R/485,NONSTANDARD_SITE,ja-ela bridge,2026-07-12 10:48:40
2023/9/R/485,EQUIPMENT_ASSET,"sub. 2"" water pump",2026-07-12 10:48:40
2023/9/R/488,DATE_INVERTED,opened 2023-09-23 > closed 2023-09-18,2026-07-12 10:48:40
2023/10/R/518,NONSTANDARD_SITE,H/O,2026-07-12 10:48:40
2023/10/R/546,NONSTANDARD_SITE,H/O,2026-07-12 10:48:40
2023/11/R/556,EQUIPMENT_ASSET,plate compactor,2026-07-12 10:48:40
2023/11/R/567,EQUIPMENT_ASSET,Power tools,2026-07-12 10:48:40
2023/11/R/572,EQUIPMENT_ASSET,concrete mixture,2026-07-12 10:48:40
2023/11/R/577,EQUIPMENT_ASSET,water pressure pump,2026-07-12 10:48:40
2023/11/R/581,EQUIPMENT_ASSET,tractor,2026-07-12 10:48:40
2023/11/R/588,EQUIPMENT_ASSET,concrete mixture,2026-07-12 10:48:40
2023/11/R/606,EQUIPMENT_ASSET,wacker 2nos,2026-07-12 10:48:40
2023/11/R/618,NONSTANDARD_SITE,cep-03,2026-07-12 10:48:40
2023/11/R/621,NONSTANDARD_SITE,cep-03,2026-07-12 10:48:40
2023/12/R/629,NONSTANDARD_SITE,H/O,2026-07-12 10:48:40
2023/12/R/633,EQUIPMENT_ASSET,"6"" water pump",2026-07-12 10:48:40
2023/12/R/643,EQUIPMENT_ASSET,"6"" water pump",2026-07-12 10:48:40
2023/12/R/645,DATE_INVERTED,opened 2025-12-08 > closed 2023-12-16,2026-07-12 10:48:40
2023/12/R/646,NONSTANDARD_SITE,cep-03,2026-07-12 10:48:40
2023/12/R/656,NONSTANDARD_SITE,cep-03,2026-07-12 10:48:40
2023/12/R/672,NONSTANDARD_SITE,cep-03,2026-07-12 10:48:40
2023/12/R/674,NONSTANDARD_SITE,cep-03,2026-07-12 10:48:40
2023/12/R/677,NONSTANDARD_SITE,Solution,2026-07-12 10:48:40
2023/12/R/694,NONSTANDARD_SITE,H/O,2026-07-12 10:48:40
2024/1/R/004,EQUIPMENT_ASSET,concrete mixture,2026-07-12 10:48:40
2024/1/R/023,NONSTANDARD_SITE,Solution,2026-07-12 10:48:40
2024/1/R/033,EQUIPMENT_ASSET,Water pump,2026-07-12 10:48:40
2024/1/R/055,ODOMETER_EXTRACTED,266282 Km,2026-07-12 10:48:40
2024/1/R/057,ODOMETER_EXTRACTED,1281 Hrs,2026-07-12 10:48:40
2024/1/R/071,ODOMETER_EXTRACTED,780 Hrs,2026-07-12 10:48:40
2024/2/R/080,NONSTANDARD_SITE,cep-03,2026-07-12 10:48:40
2024/2/R/082,NONSTANDARD_SITE,cep-03,2026-07-12 10:48:40
2024/2/R/084,NONSTANDARD_SITE,cep-03,2026-07-12 10:48:40
2024/2/R/085,NONSTANDARD_SITE,cep-03,2026-07-12 10:48:40
2024/2/R/086,NONSTANDARD_SITE,cep-03,2026-07-12 10:48:40
2024/2/R/097,NONSTANDARD_SITE,cep-03,2026-07-12 10:48:40
2024/2/R/098,NONSTANDARD_SITE,cep-03,2026-07-12 10:48:40
2024/2/R/100,NONSTANDARD_SITE,cep-03,2026-07-12 10:48:40
2024/2/R/105,EQUIPMENT_ASSET,concrete mixture,2026-07-12 10:48:40
2024/2/R/106,EQUIPMENT_ASSET,concrete mixture,2026-07-12 10:48:40
2024/2/R/111,NONSTANDARD_SITE,cep-03,2026-07-12 10:48:40
2024/2/R/112,NONSTANDARD_SITE,cep-03,2026-07-12 10:48:40
2024/2/R/115,NONSTANDARD_SITE,cep-03,2026-07-12 10:48:40
2024/2/R/116,NONSTANDARD_SITE,cep-03,2026-07-12 10:48:40
2024/2/R/123,NONSTANDARD_SITE,cep-03,2026-07-12 10:48:40
2024/2/R/124,NONSTANDARD_SITE,cep-03,2026-07-12 10:48:40
2024/2/R/125,NONSTANDARD_SITE,cep-03,2026-07-12 10:48:40
2024/2/R/126,NONSTANDARD_SITE,cep-03,2026-07-12 10:48:40
2024/2/R/129,NONSTANDARD_SITE,cep-03,2026-07-12 10:48:40
2024/2/R/136,NONSTANDARD_SITE,cep-03,2026-07-12 10:48:40
2024/2/R/137,NONSTANDARD_SITE,cep-03,2026-07-12 10:48:40
2024/2/R/138,NONSTANDARD_SITE,cep-03,2026-07-12 10:48:40
2024/2/R/140,ODOMETER_EXTRACTED,301607 Km,2026-07-12 10:48:40
2024/3/R/143,NONSTANDARD_SITE,cep-03,2026-07-12 10:48:40
2024/3/R/148,NONSTANDARD_SITE,cep-03,2026-07-12 10:48:40
2024/3/R/149,NONSTANDARD_SITE,cep-03,2026-07-12 10:48:40
2024/3/R/152,NONSTANDARD_SITE,cep-03,2026-07-12 10:48:40
2024/3/R/153,NONSTANDARD_SITE,cep-03,2026-07-12 10:48:40
2024/3/R/153,EQUIPMENT_ASSET,Bar cutter,2026-07-12 10:48:40
2024/3/R/155,NONSTANDARD_SITE,cep-03,2026-07-12 10:48:40
2024/3/R/157,NONSTANDARD_SITE,cep-03,2026-07-12 10:48:40
2024/3/R/161,NONSTANDARD_SITE,cep-03,2026-07-12 10:48:40
2024/3/R/161,EQUIPMENT_ASSET,"2"" water pump",2026-07-12 10:48:40
2024/3/R/162,NONSTANDARD_SITE,cep-03,2026-07-12 10:48:40
2024/3/R/162,ODOMETER_EXTRACTED,1007 Hrs,2026-07-12 10:48:40
2024/3/R/175,NONSTANDARD_SITE,cep-03,2026-07-12 10:48:40
2024/3/R/175,EQUIPMENT_ASSET,"6"" water pump",2026-07-12 10:48:40
2024/3/R/176,NONSTANDARD_SITE,cep-03,2026-07-12 10:48:40
2024/3/R/177,NONSTANDARD_SITE,cep-03,2026-07-12 10:48:40
2024/3/R/178,NONSTANDARD_SITE,cep-03,2026-07-12 10:48:40
2024/3/R/179,NONSTANDARD_SITE,cep-03,2026-07-12 10:48:40
2024/3/R/180,NONSTANDARD_SITE,cep-03,2026-07-12 10:48:40
2024/3/R/181,NONSTANDARD_SITE,cep-03,2026-07-12 10:48:40
2024/3/R/187,NONSTANDARD_SITE,cep-03,2026-07-12 10:48:40
2024/3/R/188,NONSTANDARD_SITE,cep-03,2026-07-12 10:48:40
2024/3/R/189,NONSTANDARD_SITE,cep-03,2026-07-12 10:48:40
2024/3/R/190,NONSTANDARD_SITE,cep-03,2026-07-12 10:48:40
2024/3/R/192,NONSTANDARD_SITE,H/O,2026-07-12 10:48:40
2024/3/R/196,NONSTANDARD_SITE,cep-03,2026-07-12 10:48:40
2024/3/R/197,NONSTANDARD_SITE,cep-03,2026-07-12 10:48:40
2024/3/R/198,NONSTANDARD_SITE,cep-03,2026-07-12 10:48:40
2024/3/R/199,NONSTANDARD_SITE,cep-03,2026-07-12 10:48:40
2024/3/R/200,NONSTANDARD_SITE,cep-03,2026-07-12 10:48:40
2024/3/R/202,NONSTANDARD_SITE,cep-03,2026-07-12 10:48:40
2024/3/R/204,NONSTANDARD_SITE,cep-03,2026-07-12 10:48:40
2024/3/R/216,NONSTANDARD_SITE,cep-03,2026-07-12 10:48:40
2024/3/R/217,NONSTANDARD_SITE,cep-03,2026-07-12 10:48:40
2024/3/R/218,NONSTANDARD_SITE,cep-03,2026-07-12 10:48:40
2024/3/R/219,NONSTANDARD_SITE,cep-03,2026-07-12 10:48:40
2024/3/R/220,NONSTANDARD_SITE,cep-03,2026-07-12 10:48:40
2024/3/R/225,NONSTANDARD_SITE,cep-03,2026-07-12 10:48:40
2024/4/R/244,NONSTANDARD_SITE,cep-03,2026-07-12 10:48:40
2024/4/R/245,NONSTANDARD_SITE,cep-03,2026-07-12 10:48:40
2024/4/R/246,NONSTANDARD_SITE,cep-03,2026-07-12 10:48:40
2024/4/R/259,NONSTANDARD_SITE,cep-03,2026-07-12 10:48:40
2024/4/R/262,NONSTANDARD_SITE,cep-03,2026-07-12 10:48:40
2024/4/R/264,NONSTANDARD_SITE,cep-03,2026-07-12 10:48:40
2024/4/R/269,NONSTANDARD_SITE,cep-03,2026-07-12 10:48:40
2024/4/R/270,NONSTANDARD_SITE,cep-03,2026-07-12 10:48:40
2024/4/R/278,NONSTANDARD_SITE,H/O,2026-07-12 10:48:40
2024/4/R/280,NONSTANDARD_SITE,cep-03,2026-07-12 10:48:40
2024/4/R/285,EQUIPMENT_ASSET,4WD bike,2026-07-12 10:48:40
2024/4/R/289,NONSTANDARD_SITE,cep-03,2026-07-12 10:48:40
2024/4/R/290,NONSTANDARD_SITE,cep-03,2026-07-12 10:48:40
2024/5/R/308,NONSTANDARD_SITE,h/o,2026-07-12 10:48:40
2024/5/R/309,NONSTANDARD_SITE,cep-03,2026-07-12 10:48:40
2024/5/R/310,NONSTANDARD_SITE,cep-03,2026-07-12 10:48:40
2024/5/R/314,EQUIPMENT_ASSET,wacker 2nos,2026-07-12 10:48:40
2024/5/R/315,NONSTANDARD_SITE,cep-03,2026-07-12 10:48:40
2024/5/R/316,NONSTANDARD_SITE,cep-03,2026-07-12 10:48:40
2024/5/R/317,NONSTANDARD_SITE,cep-03,2026-07-12 10:48:40
2024/5/R/318,NONSTANDARD_SITE,cep-03,2026-07-12 10:48:40
2024/5/R/319,NONSTANDARD_SITE,cep-03,2026-07-12 10:48:40
2024/5/R/320,NONSTANDARD_SITE,cep-03,2026-07-12 10:48:40
2024/5/R/335,NONSTANDARD_SITE,cep-03,2026-07-12 10:48:40
2024/5/R/336,NONSTANDARD_SITE,cep-03,2026-07-12 10:48:40
2024/5/R/339,NONSTANDARD_SITE,cep-03,2026-07-12 10:48:40
2024/5/R/341,NONSTANDARD_SITE,cep-03,2026-07-12 10:48:40
2024/5/R/342,NONSTANDARD_SITE,cep-03,2026-07-12 10:48:40
2024/5/R/345,NONSTANDARD_SITE,cep-03,2026-07-12 10:48:40
2024/5/R/347,NONSTANDARD_SITE,Solution,2026-07-12 10:48:40
2024/6/R/352,NONSTANDARD_SITE,cep-03,2026-07-12 10:48:40
2024/6/R/353,NONSTANDARD_SITE,cep-03,2026-07-12 10:48:40
2024/6/R/359,NONSTANDARD_SITE,cep-03,2026-07-12 10:48:40
2024/6/R/362,NONSTANDARD_SITE,cep-03,2026-07-12 10:48:40
2024/6/R/367,NONSTANDARD_SITE,Solution,2026-07-12 10:48:40
2024/6/R/368,ODOMETER_EXTRACTED,250 Hrs,2026-07-12 10:48:40
2024/6/R/370,NONSTANDARD_SITE,cep-03,2026-07-12 10:48:40
2024/6/R/371,NONSTANDARD_SITE,cep-03,2026-07-12 10:48:40
2024/6/R/377,NONSTANDARD_SITE,cep-03,2026-07-12 10:48:40
2024/6/R/379,NONSTANDARD_SITE,cep-03,2026-07-12 10:48:40
2024/6/R/380,NONSTANDARD_SITE,cep-03,2026-07-12 10:48:40
2024/6/R/387,NONSTANDARD_SITE,cep-03,2026-07-12 10:48:40
2024/6/R/388,NONSTANDARD_SITE,cep-03,2026-07-12 10:48:40
2024/6/R/391,NONSTANDARD_SITE,cep-03,2026-07-12 10:48:40
2024/6/R/395,NONSTANDARD_SITE,cep-03,2026-07-12 10:48:40
2024/6/R/397,NONSTANDARD_SITE,cep-03,2026-07-12 10:48:40
2024/6/R/399,NONSTANDARD_SITE,cep-03,2026-07-12 10:48:40
2024/6/R/406,NONSTANDARD_SITE,cep-03,2026-07-12 10:48:40
2024/6/R/407,NONSTANDARD_SITE,cep-03,2026-07-12 10:48:40
2024/6/R/410,NONSTANDARD_SITE,cep-03,2026-07-12 10:48:40
2024/6/R/411,NONSTANDARD_SITE,cep-03,2026-07-12 10:48:40
2024/6/R/412,NONSTANDARD_SITE,cep-03,2026-07-12 10:48:40
2024/6/R/413,NONSTANDARD_SITE,cep-03,2026-07-12 10:48:40
2024/6/R/417,NONSTANDARD_SITE,cep-03,2026-07-12 10:48:40
2024/6/R/419,NONSTANDARD_SITE,cep-03,2026-07-12 10:48:40
2024/6/R/422,NONSTANDARD_SITE,cep-03,2026-07-12 10:48:40
2024/6/R/423,NONSTANDARD_SITE,cep-03,2026-07-12 10:48:40
2024/6/R/426,EQUIPMENT_ASSET,"Wacker ,S/water pump",2026-07-12 10:48:40
2024/6/R/428,NONSTANDARD_SITE,cep-03,2026-07-12 10:48:40
2024/6/R/433,NONSTANDARD_SITE,cep-03,2026-07-12 10:48:40
2024/6/R/439,NONSTANDARD_SITE,cep-03,2026-07-12 10:48:40
2024/7/R/442,NONSTANDARD_SITE,h/o,2026-07-12 10:48:40
2024/7/R/443,NONSTANDARD_SITE,cep-03,2026-07-12 10:48:40
2024/7/R/446,NONSTANDARD_SITE,ja-ela bridge,2026-07-12 10:48:40
2024/7/R/448,NONSTANDARD_SITE,cep-03,2026-07-12 10:48:40
2024/7/R/449,NONSTANDARD_SITE,cep-03,2026-07-12 10:48:40
2024/7/R/450,NONSTANDARD_SITE,cep-03,2026-07-12 10:48:40
2024/7/R/454,DATE_INVERTED,opened 2024-07-05 > closed 2024-05-13,2026-07-12 10:48:40
2024/7/R/458,NONSTANDARD_SITE,ja-ela bridge,2026-07-12 10:48:40
2024/7/R/458-1,NONSTANDARD_SITE,cep-03,2026-07-12 10:48:40
2024/7/R/462,NONSTANDARD_SITE,cep-03,2026-07-12 10:48:40
2024/7/R/463,NONSTANDARD_SITE,cep-03,2026-07-12 10:48:40
2024/7/R/466,NONSTANDARD_SITE,cep-03,2026-07-12 10:48:40
2024/7/R/467,NONSTANDARD_SITE,cep-03,2026-07-12 10:48:40
2024/7/R/468,EQUIPMENT_ASSET,heat burner,2026-07-12 10:48:40
2024/7/R/468-1,NONSTANDARD_SITE,cep-03,2026-07-12 10:48:40
2024/7/R/471,NONSTANDARD_SITE,Solution,2026-07-12 10:48:40
2024/7/R/471-1,NONSTANDARD_SITE,cep-03,2026-07-12 10:48:40
2024/7/R/472,NONSTANDARD_SITE,cep-03,2026-07-12 10:48:40
2024/7/R/473,NONSTANDARD_SITE,cep-03,2026-07-12 10:48:40
2024/7/R/474,NONSTANDARD_SITE,cep-03,2026-07-12 10:48:40
2024/7/R/474-1,NONSTANDARD_SITE,cep-03,2026-07-12 10:48:40
2024/7/R/475,NONSTANDARD_SITE,cep-03,2026-07-12 10:48:40
2024/7/R/476,NONSTANDARD_SITE,Solution,2026-07-12 10:48:40
2024/7/R/480,NONSTANDARD_SITE,cep-03,2026-07-12 10:48:40
2024/7/R/481,NONSTANDARD_SITE,cep-03,2026-07-12 10:48:40
2024/7/R/494,NONSTANDARD_SITE,cep-03,2026-07-12 10:48:40
2024/7/R/497-1,NONSTANDARD_SITE,cep-03,2026-07-12 10:48:40
2024/7/R/498,NONSTANDARD_SITE,cep-03,2026-07-12 10:48:40
2024/7/R/498-1,NONSTANDARD_SITE,cep-03,2026-07-12 10:48:40
2024/7/R/499,NONSTANDARD_SITE,cep-03,2026-07-12 10:48:40
2024/7/R/500,NONSTANDARD_SITE,cep-03,2026-07-12 10:48:40
2024/7/R/501,NONSTANDARD_SITE,cep-03,2026-07-12 10:48:40
2024/7/R/502,NONSTANDARD_SITE,cep-03,2026-07-12 10:48:40
2024/7/R/504-1,NONSTANDARD_SITE,cep-03,2026-07-12 10:48:40
2024/7/R/507,NONSTANDARD_SITE,cep-03,2026-07-12 10:48:40
2024/7/R/511,NONSTANDARD_SITE,cep-03,2026-07-12 10:48:40
2024/7/R/512,NONSTANDARD_SITE,cep-03,2026-07-12 10:48:40
2024/8/R/523,NONSTANDARD_SITE,cep-03,2026-07-12 10:48:40
2024/8/R/528,NONSTANDARD_SITE,cep-03,2026-07-12 10:48:40
2024/8/R/528,ODOMETER_EXTRACTED,3871 Hrs,2026-07-12 10:48:40
2024/8/R/529,NONSTANDARD_SITE,h/o,2026-07-12 10:48:40
2024/8/R/532,NONSTANDARD_SITE,cep-03,2026-07-12 10:48:40
2024/8/R/539,NONSTANDARD_SITE,cep-03,2026-07-12 10:48:40
2024/8/R/540,NONSTANDARD_SITE,H/O,2026-07-12 10:48:40
2024/8/R/541,NONSTANDARD_SITE,cep-03,2026-07-12 10:48:40
2024/8/R/544,NONSTANDARD_SITE,cep-03,2026-07-12 10:48:40
2024/8/R/545,NONSTANDARD_SITE,cep-03,2026-07-12 10:48:40
2024/8/R/546,NONSTANDARD_SITE,cep-03,2026-07-12 10:48:40
2024/8/R/551,NONSTANDARD_SITE,cep-03,2026-07-12 10:48:40
2024/8/R/552,NONSTANDARD_SITE,cep-03,2026-07-12 10:48:40
2024/8/R/559,EQUIPMENT_ASSET,concrete mixture,2026-07-12 10:48:40
2024/8/R/562,NONSTANDARD_SITE,cep-03,2026-07-12 10:48:40
2024/8/R/563,NONSTANDARD_SITE,cep-03,2026-07-12 10:48:40
2024/8/R/564,NONSTANDARD_SITE,cep-03,2026-07-12 10:48:40
2024/8/R/569,NONSTANDARD_SITE,cep-03,2026-07-12 10:48:40
2024/8/R/573,NONSTANDARD_SITE,cep-03,2026-07-12 10:48:40
2024/8/R/578,NONSTANDARD_SITE,cep-03,2026-07-12 10:48:40
2024/8/R/580,EQUIPMENT_ASSET,E55W,2026-07-12 10:48:40
2024/8/R/591,EQUIPMENT_ASSET,2.5KW Generator,2026-07-12 10:48:40
2024/8/R/598,EQUIPMENT_ASSET,Cola cart,2026-07-12 10:48:40
2024/8/R/603,NONSTANDARD_SITE,cep-03,2026-07-12 10:48:40
2024/8/R/605,NONSTANDARD_SITE,cep-03,2026-07-12 10:48:40
2024/8/R/607,NONSTANDARD_SITE,cep-03,2026-07-12 10:48:40
2024/9/R/612,NONSTANDARD_SITE,cep-03,2026-07-12 10:48:40
2024/9/R/614,NONSTANDARD_SITE,cep-03,2026-07-12 10:48:40
2024/9/R/615,NONSTANDARD_SITE,cep-03,2026-07-12 10:48:40
2024/9/R/616,NONSTANDARD_SITE,cep-03,2026-07-12 10:48:40
2024/9/R/617,NONSTANDARD_SITE,cep-03,2026-07-12 10:48:40
2024/9/R/618,NONSTANDARD_SITE,cep-03,2026-07-12 10:48:40
2024/9/R/619,NONSTANDARD_SITE,cep-03,2026-07-12 10:48:40
2024/9/R/621,NONSTANDARD_SITE,cep-03,2026-07-12 10:48:40
2024/9/R/622,NONSTANDARD_SITE,cep-03,2026-07-12 10:48:40
2024/9/R/623,NONSTANDARD_SITE,Solution,2026-07-12 10:48:40
2024/9/R/626,EQUIPMENT_ASSET,concrete mixture,2026-07-12 10:48:40
2024/9/R/627,NONSTANDARD_SITE,cep-03,2026-07-12 10:48:40
2024/9/R/628,NONSTANDARD_SITE,cep-03,2026-07-12 10:48:40
2024/9/R/630,NONSTANDARD_SITE,cep-03,2026-07-12 10:48:40
2024/9/R/632,NONSTANDARD_SITE,cep-03,2026-07-12 10:48:40
2024/9/R/645,NONSTANDARD_SITE,cep-03,2026-07-12 10:48:40
2024/9/R/648,EQUIPMENT_ASSET,concrete mixture,2026-07-12 10:48:40
2024/9/R/653,NONSTANDARD_SITE,cep-03,2026-07-12 10:48:40
2024/9/R/654,NONSTANDARD_SITE,cep-03,2026-07-12 10:48:40
2024/9/R/655,NONSTANDARD_SITE,cep-03,2026-07-12 10:48:40
2024/9/R/656,NONSTANDARD_SITE,cep-03,2026-07-12 10:48:40
2024/9/R/657,NONSTANDARD_SITE,cep-03,2026-07-12 10:48:40
2024/9/R/658,NONSTANDARD_SITE,cep-03,2026-07-12 10:48:40
2024/9/R/659,NONSTANDARD_SITE,ja-ela bridge,2026-07-12 10:48:40
2024/9/R/660,NONSTANDARD_SITE,ja-ela bridge,2026-07-12 10:48:40
2024/9/R/660,EQUIPMENT_ASSET,water pump,2026-07-12 10:48:40
2024/9/R/669,NONSTANDARD_SITE,cep-03,2026-07-12 10:48:40
2024/9/R/674,EQUIPMENT_ASSET,Slasher,2026-07-12 10:48:40
2024/9/R/679,NONSTANDARD_SITE,cep-03,2026-07-12 10:48:40
2024/9/R/680,NONSTANDARD_SITE,cep-03,2026-07-12 10:48:40
2024/9/R/681,NONSTANDARD_SITE,cep-03,2026-07-12 10:48:40
2024/9/R/685,NONSTANDARD_SITE,cep-03,2026-07-12 10:48:40
2024/9/R/686,NONSTANDARD_SITE,cep-03,2026-07-12 10:48:40
2024/9/R/687,NONSTANDARD_SITE,Solution,2026-07-12 10:48:40
2024/9/R/688,NONSTANDARD_SITE,Solution,2026-07-12 10:48:40
2024/9/R/689,NONSTANDARD_SITE,cep-03,2026-07-12 10:48:40
2024/9/R/690,NONSTANDARD_SITE,cep-03,2026-07-12 10:48:40
2024/9/R/691,NONSTANDARD_SITE,cep-03,2026-07-12 10:48:40
2024/9/R/692,NONSTANDARD_SITE,H/o,2026-07-12 10:48:40
2024/9/R/693,NONSTANDARD_SITE,cep-03,2026-07-12 10:48:40
2024/9/R/698,NONSTANDARD_SITE,cep-03,2026-07-12 10:48:40
2024/9/R/699,NONSTANDARD_SITE,ja-ela bridge,2026-07-12 10:48:40
2024/9/R/699-1,NONSTANDARD_SITE,cep-03,2026-07-12 10:48:40
2024/9/R/707,EQUIPMENT_ASSET,2.5KW Generator,2026-07-12 10:48:40
2024/10/R/708,NONSTANDARD_SITE,cep-03,2026-07-12 10:48:40
2024/10/R/710,NONSTANDARD_SITE,cep-03,2026-07-12 10:48:40
2024/10/R/711,NONSTANDARD_SITE,cep-03,2026-07-12 10:48:40
2024/10/R/712,NONSTANDARD_SITE,cep-03,2026-07-12 10:48:40
2024/10/R/713,NONSTANDARD_SITE,cep-03,2026-07-12 10:48:40
2024/10/R/716,NONSTANDARD_SITE,Solution,2026-07-12 10:48:40
2024/10/R/722,NONSTANDARD_SITE,cep-03,2026-07-12 10:48:40
2024/10/R/723,NONSTANDARD_SITE,cep-03,2026-07-12 10:48:40
2024/10/R/724,EQUIPMENT_ASSET,concrete mixture,2026-07-12 10:48:40
2024/10/R/725,NONSTANDARD_SITE,cep-03,2026-07-12 10:48:40
2024/10/R/725,EQUIPMENT_ASSET,Batching plant,2026-07-12 10:48:40
2024/10/R/726,NONSTANDARD_SITE,cep-03,2026-07-12 10:48:40
2024/10/R/727,NONSTANDARD_SITE,cep-03,2026-07-12 10:48:40
2024/10/R/736,NONSTANDARD_SITE,H/O,2026-07-12 10:48:40
2024/10/R/737,EQUIPMENT_ASSET,concrete mixture,2026-07-12 10:48:40
2024/10/R/738,EQUIPMENT_ASSET,concrete mixture,2026-07-12 10:48:40
2024/10/R/739,NONSTANDARD_SITE,cep-03,2026-07-12 10:48:40
2024/10/R/740,NONSTANDARD_SITE,cep-03,2026-07-12 10:48:40
2024/10/R/740,EQUIPMENT_ASSET,bar cutter,2026-07-12 10:48:40
2024/10/R/741,NONSTANDARD_SITE,cep-03,2026-07-12 10:48:40
2024/10/R/742,NONSTANDARD_SITE,cep-03,2026-07-12 10:48:40
2024/10/R/743,NONSTANDARD_SITE,cep-03,2026-07-12 10:48:40
2024/10/R/744,NONSTANDARD_SITE,cep-03,2026-07-12 10:48:40
2024/10/R/745,NONSTANDARD_SITE,cep-03,2026-07-12 10:48:40
2024/10/R/746,NONSTANDARD_SITE,cep-03,2026-07-12 10:48:40
2024/10/R/747,NONSTANDARD_SITE,Solution,2026-07-12 10:48:40
2024/10/R/748,NONSTANDARD_SITE,cep-03,2026-07-12 10:48:40
2024/10/R/752,NONSTANDARD_SITE,cep-03,2026-07-12 10:48:40
2024/10/R/755,NONSTANDARD_SITE,cep-03,2026-07-12 10:48:40
2024/10/R/762,NONSTANDARD_SITE,cep-03,2026-07-12 10:48:40
2024/10/R/763,NONSTANDARD_SITE,cep-03,2026-07-12 10:48:40
2024/10/R/768,EQUIPMENT_ASSET,Muthur Plant,2026-07-12 10:48:40
2024/10/R/769,NONSTANDARD_SITE,cep-03,2026-07-12 10:48:40
2024/10/R/773,NONSTANDARD_SITE,Solution,2026-07-12 10:48:40
2024/10/R/773,EQUIPMENT_ASSET,concrete mixture,2026-07-12 10:48:40
2024/10/R/774,NONSTANDARD_SITE,cep-03,2026-07-12 10:48:40
2024/10/R/776,NONSTANDARD_SITE,cep-03,2026-07-12 10:48:40
2024/10/R/777,NONSTANDARD_SITE,cep-03,2026-07-12 10:48:40
2024/10/R/779,NONSTANDARD_SITE,cep-03,2026-07-12 10:48:40
2024/10/R/781,NONSTANDARD_SITE,cep-03,2026-07-12 10:48:40
2024/10/R/785,NONSTANDARD_SITE,cep-03,2026-07-12 10:48:40
2024/10/R/801,DATE_INVERTED,opened 2024-10-25 > closed 2024-03-20,2026-07-12 10:48:40
2024/10/R/806,NONSTANDARD_SITE,cep-03,2026-07-12 10:48:40
2024/10/R/807,NONSTANDARD_SITE,cep-03,2026-07-12 10:48:40
2024/10/R/809,EQUIPMENT_ASSET,Rammer,2026-07-12 10:48:40
2024/10/R/811,NONSTANDARD_SITE,H/O,2026-07-12 10:48:40
2024/10/R/812,NONSTANDARD_SITE,Solution,2026-07-12 10:48:40
2024/10/R/812,EQUIPMENT_ASSET,concrete mixture,2026-07-12 10:48:40
2024/10/R/814,NONSTANDARD_SITE,cep-03,2026-07-12 10:48:40
2024/10/R/815,NONSTANDARD_SITE,cep-03,2026-07-12 10:48:40
2024/10/R/816,NONSTANDARD_SITE,cep-03,2026-07-12 10:48:40
2024/10/R/817,NONSTANDARD_SITE,cep-03,2026-07-12 10:48:40
2024/10/R/818,NONSTANDARD_SITE,cep-03,2026-07-12 10:48:40
2024/10/R/821,NONSTANDARD_SITE,ja-ela bridge,2026-07-12 10:48:40
2024/11/R/825,NONSTANDARD_SITE,Solution,2026-07-12 10:48:40
2024/11/R/826,NONSTANDARD_SITE,cep-03,2026-07-12 10:48:40
2024/11/R/831,NONSTANDARD_SITE,cep-03,2026-07-12 10:48:40
2024/11/R/832,NONSTANDARD_SITE,Solution,2026-07-12 10:48:40
2024/11/R/834,NONSTANDARD_SITE,Solution,2026-07-12 10:48:40
2024/11/R/834,EQUIPMENT_ASSET,Elec. Hoist,2026-07-12 10:48:40
2024/11/R/835,NONSTANDARD_SITE,cep-03,2026-07-12 10:48:40
2024/11/R/836,NONSTANDARD_SITE,cep-03,2026-07-12 10:48:40
2024/11/R/837,NONSTANDARD_SITE,cep-03,2026-07-12 10:48:40
2024/11/R/845,NONSTANDARD_SITE,cep-03,2026-07-12 10:48:40
2024/11/R/846,NONSTANDARD_SITE,cep-03,2026-07-12 10:48:40
2024/11/R/847,NONSTANDARD_SITE,cep-03,2026-07-12 10:48:40
2024/11/R/848,NONSTANDARD_SITE,H/O,2026-07-12 10:48:40
2024/11/R/853,NONSTANDARD_SITE,cep-03,2026-07-12 10:48:40
2024/11/R/854,EQUIPMENT_ASSET,Tractor tailor,2026-07-12 10:48:40
2024/11/R/858,ODOMETER_EXTRACTED,206502 Km,2026-07-12 10:48:40
2024/11/R/864-1,NONSTANDARD_SITE,cep-03,2026-07-12 10:48:40
2024/11/R/867,NONSTANDARD_SITE,Solution,2026-07-12 10:48:40
2024/11/R/868,NONSTANDARD_SITE,cep-03,2026-07-12 10:48:40
2024/11/R/869,NONSTANDARD_SITE,cep-03,2026-07-12 10:48:40
2024/11/R/870,NONSTANDARD_SITE,cep-03,2026-07-12 10:48:40
2024/11/R/870,EQUIPMENT_ASSET,Crusher Plant,2026-07-12 10:48:40
2024/11/R/874,NONSTANDARD_SITE,cep-03,2026-07-12 10:48:40
2024/11/R/875,NONSTANDARD_SITE,cep-03,2026-07-12 10:48:40
2024/11/R/876,NONSTANDARD_SITE,cep-03,2026-07-12 10:48:40
2024/11/R/878,NONSTANDARD_SITE,cep-03,2026-07-12 10:48:40
2024/11/R/884,NONSTANDARD_SITE,cep-03,2026-07-12 10:48:40
2024/11/R/886,NONSTANDARD_SITE,cep-03,2026-07-12 10:48:40
2024/11/R/888,NONSTANDARD_SITE,cep-03,2026-07-12 10:48:40
2024/11/R/890,NONSTANDARD_SITE,cep-03,2026-07-12 10:48:40
2024/11/R/892,NONSTANDARD_SITE,cep-03,2026-07-12 10:48:40
2024/11/R/893,NONSTANDARD_SITE,cep-03,2026-07-12 10:48:40
2024/11/R/895,NONSTANDARD_SITE,cep-03,2026-07-12 10:48:40
2024/11/R/896,NONSTANDARD_SITE,cep-03,2026-07-12 10:48:40
2024/11/R/902,NONSTANDARD_SITE,cep-03,2026-07-12 10:48:40
2024/11/R/903,NONSTANDARD_SITE,Solution,2026-07-12 10:48:40
2024/11/R/904,NONSTANDARD_SITE,cep-03,2026-07-12 10:48:40
2024/11/R/905,NONSTANDARD_SITE,cep-03,2026-07-12 10:48:40
2024/12/R/912,NONSTANDARD_SITE,cep-03,2026-07-12 10:48:40
2024/12/R/913,NONSTANDARD_SITE,cep-03,2026-07-12 10:48:40
2024/12/R/926,NONSTANDARD_SITE,H/O,2026-07-12 10:48:40
2024/12/R/931,EQUIPMENT_ASSET,Crusher Plant,2026-07-12 10:48:40
2024/12/R/934,NONSTANDARD_SITE,cep-03,2026-07-12 10:48:40
2024/12/R/935,NONSTANDARD_SITE,cep-03,2026-07-12 10:48:40
2024/12/R/935,EQUIPMENT_ASSET,water pump,2026-07-12 10:48:40
2024/12/R/936,NONSTANDARD_SITE,cep-03,2026-07-12 10:48:40
2024/12/R/937,NONSTANDARD_SITE,cep-03,2026-07-12 10:48:40
2024/12/R/938,NONSTANDARD_SITE,Solution,2026-07-12 10:48:40
2024/12/R/940,NONSTANDARD_SITE,Asphalt plant-badalgama,2026-07-12 10:48:40
2024/12/R/941,NONSTANDARD_SITE,cep-03,2026-07-12 10:48:40
2024/12/R/942,NONSTANDARD_SITE,cep-03,2026-07-12 10:48:40
2024/12/R/943,NONSTANDARD_SITE,Solution,2026-07-12 10:48:40
2024/12/R/944,DATE_INVERTED,opened 2024-12-11 > closed 2024-11-12,2026-07-12 10:48:40
2024/12/R/953,NONSTANDARD_SITE,cep-03,2026-07-12 10:48:40
2024/12/R/957,NONSTANDARD_SITE,cep-03,2026-07-12 10:48:40
2024/12/R/957,EQUIPMENT_ASSET,Crusher Plant,2026-07-12 10:48:40
2024/12/R/962,EQUIPMENT_ASSET,Rammer,2026-07-12 10:48:40
2024/12/R/964,NONSTANDARD_SITE,cep-03,2026-07-12 10:48:40
2024/12/R/965,NONSTANDARD_SITE,cep-03,2026-07-12 10:48:40
2024/12/R/980,NONSTANDARD_SITE,cep-03,2026-07-12 10:48:40
2024/12/R/983,NONSTANDARD_SITE,cep-03,2026-07-12 10:48:40
2024/12/R/985,NONSTANDARD_SITE,cep-03,2026-07-12 10:48:40
2024/12/R/986,NONSTANDARD_SITE,cep-03,2026-07-12 10:48:40
2024/12/R/992,NONSTANDARD_SITE,cep-03,2026-07-12 10:48:40
2024/12/R/993,NONSTANDARD_SITE,cep-03,2026-07-12 10:48:40
2024/12/R/996,NONSTANDARD_SITE,cep-03,2026-07-12 10:48:40
2024/12/R/1001,NONSTANDARD_SITE,cep-03,2026-07-12 10:48:40
2024/12/R/1002,NONSTANDARD_SITE,cep-03,2026-07-12 10:48:40
2024/12/R/1003,NONSTANDARD_SITE,cep-03,2026-07-12 10:48:40
2024/12/R/1004,NONSTANDARD_SITE,cep-03,2026-07-12 10:48:40
2025/1/R/002,NONSTANDARD_SITE,Solution,2026-07-12 10:48:40
2025/1/R/004,EQUIPMENT_ASSET,concrete mixture,2026-07-12 10:48:40
2025/1/R/005,NONSTANDARD_SITE,cep-03,2026-07-12 10:48:40
2025/1/R/006,NONSTANDARD_SITE,cep-03,2026-07-12 10:48:40
2025/1/R/007,NONSTANDARD_SITE,cep-03,2026-07-12 10:48:40
2025/1/R/008,NONSTANDARD_SITE,cep-03,2026-07-12 10:48:40
2025/1/R/009,NONSTANDARD_SITE,cep-03,2026-07-12 10:48:40
2025/1/R/010,NONSTANDARD_SITE,cep-03,2026-07-12 10:48:40
2025/1/R/010,DATE_INVERTED,opened 2025-05-04 > closed 2025-01-04,2026-07-12 10:48:40
2025/1/R/011,NONSTANDARD_SITE,cep-03,2026-07-12 10:48:40
2025/1/R/012,NONSTANDARD_SITE,cep-03,2026-07-12 10:48:40
2025/1/R/016,NONSTANDARD_SITE,cep-03,2026-07-12 10:48:40
2025/1/R/018,NONSTANDARD_SITE,cep-03,2026-07-12 10:48:40
2025/1/R/019,NONSTANDARD_SITE,cep-03,2026-07-12 10:48:40
2025/1/R/020,NONSTANDARD_SITE,cep-03,2026-07-12 10:48:40
2025/1/R/021,NONSTANDARD_SITE,cep-03,2026-07-12 10:48:40
2025/1/R/024,NONSTANDARD_SITE,cep-03,2026-07-12 10:48:40
2025/1/R/029,NONSTANDARD_SITE,cep-03,2026-07-12 10:48:40
2025/1/R/034,NONSTANDARD_SITE,cep-03,2026-07-12 10:48:40
2025/1/R/035,NONSTANDARD_SITE,cep-03,2026-07-12 10:48:40
2025/1/R/036,NONSTANDARD_SITE,cep-03,2026-07-12 10:48:40
2025/1/R/041,NONSTANDARD_SITE,cep-03,2026-07-12 10:48:40
2025/1/R/049,NONSTANDARD_SITE,cep-03,2026-07-12 10:48:40
2025/1/R/066,NONSTANDARD_SITE,cep-03,2026-07-12 10:48:40
2025/1/R/066,EQUIPMENT_ASSET,Pocker,2026-07-12 10:48:40
2025/1/R/067,NONSTANDARD_SITE,cep-03,2026-07-12 10:48:40
2025/1/R/067,EQUIPMENT_ASSET,2' water pump,2026-07-12 10:48:40
2025/1/R/068,NONSTANDARD_SITE,cep-03,2026-07-12 10:48:40
2025/1/R/068,EQUIPMENT_ASSET,Bar cutter,2026-07-12 10:48:40
2025/1/R/069,NONSTANDARD_SITE,cep-03,2026-07-12 10:48:40
2025/1/R/070-1,NONSTANDARD_SITE,cep-03,2026-07-12 10:48:40
2025/1/R/070,NONSTANDARD_SITE,cep-03,2026-07-12 10:48:40
2025/1/R/071,NONSTANDARD_SITE,cep-03,2026-07-12 10:48:40
2025/1/R/072,NONSTANDARD_SITE,cep-03,2026-07-12 10:48:40
2025/1/R/072-1,NONSTANDARD_SITE,cep-03,2026-07-12 10:48:40
2025/1/R/073,NONSTANDARD_SITE,cep-03,2026-07-12 10:48:40
2025/1/R/073,EQUIPMENT_ASSET,Batching plant,2026-07-12 10:48:40
2025/1/R/074,NONSTANDARD_SITE,cep-03,2026-07-12 10:48:40
2025/1/R/078,EQUIPMENT_ASSET,Bituman cart,2026-07-12 10:48:40
2025/1/R/083,NONSTANDARD_SITE,cep-03,2026-07-12 10:48:40
2025/1/R/085,NONSTANDARD_SITE,cep-03,2026-07-12 10:48:40
2025/1/R/091,NONSTANDARD_SITE,cep-03,2026-07-12 10:48:40
2025/1/R/092,NONSTANDARD_SITE,cep-03,2026-07-12 10:48:40
2025/1/R/096,NONSTANDARD_SITE,cep-03,2026-07-12 10:48:40
2025/1/R/101,NONSTANDARD_SITE,H/O,2026-07-12 10:48:40
2025/1/R/103,NONSTANDARD_SITE,cep-03,2026-07-12 10:48:40
2025/2/R/109,NONSTANDARD_SITE,cep-03,2026-07-12 10:48:40
2025/2/R/110,NONSTANDARD_SITE,cep-03,2026-07-12 10:48:40
2025/2/R/110,EQUIPMENT_ASSET,Bar Bender,2026-07-12 10:48:40
2025/2/R/111,ODOMETER_EXTRACTED,3775 Hrs,2026-07-12 10:48:40
2025/2/R/112,NONSTANDARD_SITE,H/O,2026-07-12 10:48:40
2025/2/R/116,NONSTANDARD_SITE,cep-03,2026-07-12 10:48:40
2025/2/R/117,NONSTANDARD_SITE,cep-03,2026-07-12 10:48:40
2025/2/R/118,NONSTANDARD_SITE,cep-03,2026-07-12 10:48:40
2025/2/R/122,NONSTANDARD_SITE,cep-03,2026-07-12 10:48:40
2025/2/R/123,NONSTANDARD_SITE,cep-03,2026-07-12 10:48:40
2025/2/R/124,NONSTANDARD_SITE,cep-03,2026-07-12 10:48:40
2025/2/R/127,NONSTANDARD_SITE,cep-03,2026-07-12 10:48:40
2025/2/R/131,NONSTANDARD_SITE,cep-03,2026-07-12 10:48:40
2025/2/R/133,NONSTANDARD_SITE,cep-03,2026-07-12 10:48:40
2025/2/R/135,NONSTANDARD_SITE,cep-03,2026-07-12 10:48:40
2025/2/R/136,NONSTANDARD_SITE,cep-03,2026-07-12 10:48:40
2025/2/R/143,NONSTANDARD_SITE,cep-03,2026-07-12 10:48:40
2025/2/R/153,NONSTANDARD_SITE,cep-03,2026-07-12 10:48:40
2025/2/R/153,EQUIPMENT_ASSET,bobcat boomer,2026-07-12 10:48:40
2025/2/R/154,NONSTANDARD_SITE,cep-03,2026-07-12 10:48:40
2025/2/R/162,NONSTANDARD_SITE,cep-03,2026-07-12 10:48:40
2025/2/R/165,NONSTANDARD_SITE,cep-03,2026-07-12 10:48:40
2025/2/R/166,NONSTANDARD_SITE,cep-03,2026-07-12 10:48:40
2025/2/R/167,NONSTANDARD_SITE,cep-03,2026-07-12 10:48:40
2025/2/R/170,NONSTANDARD_SITE,cep-03,2026-07-12 10:48:40
2025/2/R/171,NONSTANDARD_SITE,cep-03,2026-07-12 10:48:40
2025/2/R/172,NONSTANDARD_SITE,cep-03,2026-07-12 10:48:40
2025/2/R/173,NONSTANDARD_SITE,cep-03,2026-07-12 10:48:40
2025/2/R/174,NONSTANDARD_SITE,cep-03,2026-07-12 10:48:40
2025/2/R/175,NONSTANDARD_SITE,cep-03,2026-07-12 10:48:40
2025/2/R/178,NONSTANDARD_SITE,cep-03,2026-07-12 10:48:40
2025/3/R/190,NONSTANDARD_SITE,cep-03,2026-07-12 10:48:40
2025/3/R/191,NONSTANDARD_SITE,cep-03,2026-07-12 10:48:40
2025/3/R/193,NONSTANDARD_SITE,cep-03,2026-07-12 10:48:40
2025/3/R/193-1,NONSTANDARD_SITE,cep-03,2026-07-12 10:48:40
2025/3/R/196,NONSTANDARD_SITE,cep-03,2026-07-12 10:48:40
2025/3/R/197,EQUIPMENT_ASSET,1T roller,2026-07-12 10:48:40
2025/3/R/200,NONSTANDARD_SITE,cep-03,2026-07-12 10:48:40
2025/3/R/202,NONSTANDARD_SITE,cep-03,2026-07-12 10:48:40
2025/3/R/204,ODOMETER_EXTRACTED,423266 Km,2026-07-12 10:48:40
2025/3/R/205,NONSTANDARD_SITE,cep-03,2026-07-12 10:48:40
2025/3/R/208,NONSTANDARD_SITE,cep-03,2026-07-12 10:48:40
2025/3/R/212,EQUIPMENT_ASSET,"porker vibrator, water pump",2026-07-12 10:48:40
2025/3/R/215,NONSTANDARD_SITE,cep-03,2026-07-12 10:48:40
2025/3/R/221,NONSTANDARD_SITE,cep-03,2026-07-12 10:48:40
2025/3/R/222,NONSTANDARD_SITE,cep-03,2026-07-12 10:48:40
2025/3/R/229,NONSTANDARD_SITE,cep-03,2026-07-12 10:48:40
2025/3/R/237,NONSTANDARD_SITE,cep-03,2026-07-12 10:48:40
2025/3/R/243,NONSTANDARD_SITE,cep-03,2026-07-12 10:48:40
2025/3/R/246,NONSTANDARD_SITE,cep-03,2026-07-12 10:48:40
2025/3/R/247,NONSTANDARD_SITE,cep-03,2026-07-12 10:48:40
2025/3/R/248,NONSTANDARD_SITE,cep-03,2026-07-12 10:48:40
2025/3/R/254,NONSTANDARD_SITE,cep-03,2026-07-12 10:48:40
2025/3/R/255,NONSTANDARD_SITE,cep-03,2026-07-12 10:48:40
2025/3/R/256,NONSTANDARD_SITE,cep-03,2026-07-12 10:48:40
2025/3/R/259,NONSTANDARD_SITE,cep-03,2026-07-12 10:48:40
2025/3/R/260,NONSTANDARD_SITE,cep-03,2026-07-12 10:48:40
2025/3/R/261,NONSTANDARD_SITE,cep-03,2026-07-12 10:48:40
2025/3/R/267,NONSTANDARD_SITE,cep-03,2026-07-12 10:48:40
2025/3/R/268,NONSTANDARD_SITE,cep-03,2026-07-12 10:48:40
2025/3/R/269,NONSTANDARD_SITE,cep-03,2026-07-12 10:48:40
2025/3/R/270,NONSTANDARD_SITE,cep-03,2026-07-12 10:48:40
2025/3/R/278,ODOMETER_EXTRACTED,901373 Km,2026-07-12 10:48:40
2025/4/R/282,NONSTANDARD_SITE,cep-03,2026-07-12 10:48:40
2025/4/R/285,NONSTANDARD_SITE,H/O,2026-07-12 10:48:40
2025/4/R/286,NONSTANDARD_SITE,Solution,2026-07-12 10:48:40
2025/4/R/286-1,NONSTANDARD_SITE,cep-03,2026-07-12 10:48:40
2025/4/R/291,NONSTANDARD_SITE,cep-03,2026-07-12 10:48:40
2025/4/R/293,NONSTANDARD_SITE,cep-03,2026-07-12 10:48:40
2025/4/R/296,NONSTANDARD_SITE,H/O,2026-07-12 10:48:40
2025/4/R/298,NONSTANDARD_SITE,cep-03,2026-07-12 10:48:40
2025/4/R/298,DATE_INVERTED,opened 2025-04-22 > closed 2024-05-07,2026-07-12 10:48:40
2025/4/R/302,ODOMETER_EXTRACTED,10605 Hrs,2026-07-12 10:48:40
2025/4/R/305,NONSTANDARD_SITE,cep-03,2026-07-12 10:48:40
2025/4/R/306,NONSTANDARD_SITE,cep-03,2026-07-12 10:48:40
2025/4/R/307,NONSTANDARD_SITE,cep-03,2026-07-12 10:48:40
2025/4/R/308,NONSTANDARD_SITE,cep-03,2026-07-12 10:48:40
2025/4/R/314,NONSTANDARD_SITE,cep-03,2026-07-12 10:48:40
2025/4/R/318,NONSTANDARD_SITE,cep-03,2026-07-12 10:48:40
2025/4/R/319,EQUIPMENT_ASSET,1T roller,2026-07-12 10:48:40
2025/4/R/322,NONSTANDARD_SITE,cep-03,2026-07-12 10:48:40
2025/4/R/323,NONSTANDARD_SITE,cep-03,2026-07-12 10:48:40
2025/4/R/324,NONSTANDARD_SITE,cep-03,2026-07-12 10:48:40
2025/5/R/325,NONSTANDARD_SITE,cep-03,2026-07-12 10:48:40
2025/5/R/325,ODOMETER_EXTRACTED,2739 Hrs,2026-07-12 10:48:40
2025/5/R/326,NONSTANDARD_SITE,cep-03,2026-07-12 10:48:40
2025/5/R/326,ODOMETER_EXTRACTED,872 Hrs,2026-07-12 10:48:40
2025/5/R/327,NONSTANDARD_SITE,cep-03,2026-07-12 10:48:40
2025/5/R/338,NONSTANDARD_SITE,cep-03,2026-07-12 10:48:40
2025/5/R/340,NONSTANDARD_SITE,cep-03,2026-07-12 10:48:40
2025/5/R/347,NONSTANDARD_SITE,cep-03,2026-07-12 10:48:40
2025/5/R/352,NONSTANDARD_SITE,cep-03,2026-07-12 10:48:40
2025/5/R/353,NONSTANDARD_SITE,cep-03,2026-07-12 10:48:40
2025/5/R/358,NONSTANDARD_SITE,cep-03,2026-07-12 10:48:40
2025/5/R/359,NONSTANDARD_SITE,Solution,2026-07-12 10:48:40
2025/5/R/361,NONSTANDARD_SITE,A/Team,2026-07-12 10:48:40
2025/5/R/364,ODOMETER_EXTRACTED,4005 Hrs,2026-07-12 10:48:40
2025/5/R/367,EQUIPMENT_ASSET,Muthur plant,2026-07-12 10:48:40
2025/5/R/372,ODOMETER_EXTRACTED,13686 Hrs,2026-07-12 10:48:40
2025/5/R/375,NONSTANDARD_SITE,cep-03,2026-07-12 10:48:40
2025/5/R/375,EQUIPMENT_ASSET,Diesel bowser,2026-07-12 10:48:40
2025/5/R/376,NONSTANDARD_SITE,cep-03,2026-07-12 10:48:40
2025/5/R/381,ODOMETER_EXTRACTED,37121 Km,2026-07-12 10:48:40
2025/5/R/388,NONSTANDARD_SITE,cep-03,2026-07-12 10:48:40
2025/5/R/393,NONSTANDARD_SITE,cep-03,2026-07-12 10:48:40
2025/5/R/394,NONSTANDARD_SITE,cep-03,2026-07-12 10:48:40
2025/5/R/398,NONSTANDARD_SITE,cep-03,2026-07-12 10:48:40
2025/5/R/400,NONSTANDARD_SITE,A/Team,2026-07-12 10:48:40
2025/5/R/401,NONSTANDARD_SITE,cep-03,2026-07-12 10:48:40
2025/5/R/402,NONSTANDARD_SITE,A/Team,2026-07-12 10:48:40
2025/5/R/403,NONSTANDARD_SITE,A/Team,2026-07-12 10:48:40
2025/5/R/404,NONSTANDARD_SITE,A/Team,2026-07-12 10:48:40
2025/6/R/406,NONSTANDARD_SITE,cep-03,2026-07-12 10:48:40
2025/6/R/407,NONSTANDARD_SITE,cep-03,2026-07-12 10:48:40
2025/6/R/410,NONSTANDARD_SITE,Solution,2026-07-12 10:48:40
2025/6/R/411,NONSTANDARD_SITE,cep-03,2026-07-12 10:48:40
2025/6/R/412,NONSTANDARD_SITE,Solution,2026-07-12 10:48:40
2025/6/R/415,NONSTANDARD_SITE,cep-03,2026-07-12 10:48:40
2025/6/R/416,NONSTANDARD_SITE,cep-03,2026-07-12 10:48:40
2025/6/R/417,NONSTANDARD_SITE,cep-03,2026-07-12 10:48:40
2025/6/R/418,NONSTANDARD_SITE,cep-03,2026-07-12 10:48:40
2025/6/R/419,NONSTANDARD_SITE,cep-03,2026-07-12 10:48:40
2025/6/R/424,NONSTANDARD_SITE,cep-03,2026-07-12 10:48:40
2025/6/R/427,NONSTANDARD_SITE,cep-03,2026-07-12 10:48:40
2025/6/R/430,NONSTANDARD_SITE,cep-03,2026-07-12 10:48:40
2025/6/R/443,NONSTANDARD_SITE,H/O,2026-07-12 10:48:40
2025/6/R/444,NONSTANDARD_SITE,cep-03,2026-07-12 10:48:40
2025/6/R/445,NONSTANDARD_SITE,cep-03,2026-07-12 10:48:40
2025/6/R/446,NONSTANDARD_SITE,cep-03,2026-07-12 10:48:40
2025/6/R/451,NONSTANDARD_SITE,cep-03,2026-07-12 10:48:40
2025/6/R/455,NONSTANDARD_SITE,cep-03,2026-07-12 10:48:40
2025/6/R/456,NONSTANDARD_SITE,cep-03,2026-07-12 10:48:40
2025/6/R/457,NONSTANDARD_SITE,cep-03,2026-07-12 10:48:40
2025/6/R/461,NONSTANDARD_SITE,cep-03,2026-07-12 10:48:40
2025/6/R/465,NONSTANDARD_SITE,Solution,2026-07-12 10:48:40
2025/6/R/469,NONSTANDARD_SITE,cep-03,2026-07-12 10:48:40
2025/6/R/470,NONSTANDARD_SITE,cep-03,2026-07-12 10:48:40
2025/6/R/471,NONSTANDARD_SITE,cep-03,2026-07-12 10:48:40
2025/6/R/474,NONSTANDARD_SITE,cep-03,2026-07-12 10:48:40
2025/7/R/478,NONSTANDARD_SITE,cep-03,2026-07-12 10:48:40
2025/7/R/481,NONSTANDARD_SITE,Solution,2026-07-12 10:48:40
2025/7/R/482,NONSTANDARD_SITE,cep-03,2026-07-12 10:48:40
2025/7/R/484,NONSTANDARD_SITE,cep-03,2026-07-12 10:48:40
2025/7/R/493,NONSTANDARD_SITE,cep-03,2026-07-12 10:48:40
2025/7/R/498,NONSTANDARD_SITE,Solution,2026-07-12 10:48:40
2025/7/R/499,NONSTANDARD_SITE,cep-03,2026-07-12 10:48:40
2025/7/R/502,NONSTANDARD_SITE,cep-03,2026-07-12 10:48:40
2025/7/R/503,EQUIPMENT_ASSET,Asphalt cutter,2026-07-12 10:48:40
2025/7/R/505,NONSTANDARD_SITE,cep-03,2026-07-12 10:48:40
2025/7/R/513,DATE_INVERTED,opened 2025-07-15 > closed 2025-05-17,2026-07-12 10:48:40
2025/7/R/520,NONSTANDARD_SITE,cep-03,2026-07-12 10:48:40
2025/7/R/530,NONSTANDARD_SITE,cep-03,2026-07-12 10:48:40
2025/7/R/539,NONSTANDARD_SITE,cep-03,2026-07-12 10:48:40
2025/7/R/542,NONSTANDARD_SITE,Solution,2026-07-12 10:48:40
2025/7/R/544,NONSTANDARD_SITE,cep-03,2026-07-12 10:48:40
2025/7/R/547,NONSTANDARD_SITE,cep-03,2026-07-12 10:48:40
2025/7/R/548,EQUIPMENT_ASSET,air compressor,2026-07-12 10:48:40
2025/7/R/549,NONSTANDARD_SITE,cep-03,2026-07-12 10:48:40
2025/7/R/552,NONSTANDARD_SITE,cep-03,2026-07-12 10:48:40
2025/7/R/560,NONSTANDARD_SITE,cep-03,2026-07-12 10:48:40
2025/7/R/561,NONSTANDARD_SITE,cep-03,2026-07-12 10:48:40
2025/7/R/562,NONSTANDARD_SITE,cep-03,2026-07-12 10:48:40
2025/7/R/565,NONSTANDARD_SITE,Solution,2026-07-12 10:48:40
2025/8/R/568,NONSTANDARD_SITE,cep-03,2026-07-12 10:48:40
2025/8/R/569,NONSTANDARD_SITE,cep-03,2026-07-12 10:48:40
2025/8/R/570,NONSTANDARD_SITE,cep-03,2026-07-12 10:48:40
2025/8/R/572,NONSTANDARD_SITE,cep-03,2026-07-12 10:48:40
2025/8/R/573,NONSTANDARD_SITE,cep-03,2026-07-12 10:48:40
2025/8/R/574,NONSTANDARD_SITE,cep-03,2026-07-12 10:48:40
2025/8/R/578,NONSTANDARD_SITE,cep-03,2026-07-12 10:48:40
2025/8/R/583,NONSTANDARD_SITE,cep-03,2026-07-12 10:48:40
2025/8/R/589,FUTURE_DATE,opened 2026-08-11,2026-07-12 10:48:40
2025/8/R/589,FUTURE_DATE,closed 2026-08-13,2026-07-12 10:48:40
2025/8/R/591,NONSTANDARD_SITE,cep-03,2026-07-12 10:48:40
2025/8/R/593,NONSTANDARD_SITE,cep-03,2026-07-12 10:48:40
2025/8/R/594,NONSTANDARD_SITE,cep-03,2026-07-12 10:48:40
2025/8/R/595,NONSTANDARD_SITE,cep-03,2026-07-12 10:48:40
2025/8/R/596,NONSTANDARD_SITE,cep-03,2026-07-12 10:48:40
2025/8/R/597,EQUIPMENT_ASSET,one bag mixture,2026-07-12 10:48:40
2025/8/R/598,EQUIPMENT_ASSET,Tractor bowser,2026-07-12 10:48:40
2025/8/R/602,NONSTANDARD_SITE,Solution,2026-07-12 10:48:40
2025/8/R/612,NONSTANDARD_SITE,cep-03,2026-07-12 10:48:40
2025/8/R/613,NONSTANDARD_SITE,cep-03,2026-07-12 10:48:40
2025/8/R/615,NONSTANDARD_SITE,cep-03,2026-07-12 10:48:40
2025/8/R/616,NONSTANDARD_SITE,cep-03,2026-07-12 10:48:40
2025/8/R/620,NONSTANDARD_SITE,cep-03,2026-07-12 10:48:40
2025/8/R/624,NONSTANDARD_SITE,cep-03,2026-07-12 10:48:40
2025/8/R/625,NONSTANDARD_SITE,cep-03,2026-07-12 10:48:40
2025/8/R/626,NONSTANDARD_SITE,cep-03,2026-07-12 10:48:40
2025/8/R/629,MISSING_ASSET,Requested job row 2335,2026-07-12 10:48:40
2025/8/R/638,ODOMETER_EXTRACTED,292747 Km,2026-07-12 10:48:40
2025/8/R/641,NONSTANDARD_SITE,cep-03,2026-07-12 10:48:40
2025/8/R/642,NONSTANDARD_SITE,cep-03,2026-07-12 10:48:40
2025/9/R/652,NONSTANDARD_SITE,cep-03,2026-07-12 10:48:40
2025/9/R/653,NONSTANDARD_SITE,cep-03,2026-07-12 10:48:40
2025/9/R/654,NONSTANDARD_SITE,cep-03,2026-07-12 10:48:40
2025/9/R/655,NONSTANDARD_SITE,cep-03,2026-07-12 10:48:40
2025/9/R/657,NONSTANDARD_SITE,H/O,2026-07-12 10:48:40
2025/9/R/673,NONSTANDARD_SITE,cep-03,2026-07-12 10:48:40
2025/9/R/674,NONSTANDARD_SITE,cep-03,2026-07-12 10:48:40
2025/9/R/675,NONSTANDARD_SITE,cep-03,2026-07-12 10:48:40
2025/9/R/676,NONSTANDARD_SITE,cep-03,2026-07-12 10:48:40
2025/9/R/677,NONSTANDARD_SITE,cep-03,2026-07-12 10:48:40
2025/9/R/681,NONSTANDARD_SITE,cep-03,2026-07-12 10:48:40
2025/9/R/684,NONSTANDARD_SITE,cep-03,2026-07-12 10:48:40
2025/9/R/687,NONSTANDARD_SITE,H/O,2026-07-12 10:48:40
2025/9/R/695,NONSTANDARD_SITE,Solution,2026-07-12 10:48:40
2025/9/R/698,EQUIPMENT_ASSET,Asphalt cutter,2026-07-12 10:48:40
2025/9/R/699,EQUIPMENT_ASSET,Concrete Mixer,2026-07-12 10:48:40
2025/9/R/701,NONSTANDARD_SITE,cep-03,2026-07-12 10:48:40
2025/9/R/703,NONSTANDARD_SITE,cep-03,2026-07-12 10:48:40
2025/9/R/705,NONSTANDARD_SITE,cep-03,2026-07-12 10:48:40
2025/9/R/706,NONSTANDARD_SITE,cep-03,2026-07-12 10:48:40
2025/9/R/708,EQUIPMENT_ASSET,"Water Pump 2""",2026-07-12 10:48:40
2025/9/R/709,NONSTANDARD_SITE,Solution,2026-07-12 10:48:40
2025/9/R/712,NONSTANDARD_SITE,Solution,2026-07-12 10:48:40
2025/9/R/713,NONSTANDARD_SITE,cep-03,2026-07-12 10:48:40
2025/9/R/716,NONSTANDARD_SITE,cep-03,2026-07-12 10:48:40
2025/9/R/722,NONSTANDARD_SITE,cep-03,2026-07-12 10:48:40
2025/9/R/732,NONSTANDARD_SITE,cep-03,2026-07-12 10:48:40
2025/9/R/733,NONSTANDARD_SITE,cep-03,2026-07-12 10:48:40
2025/9/R/738,NONSTANDARD_SITE,cep-03,2026-07-12 10:48:40
2025/9/R/739,NONSTANDARD_SITE,cep-03,2026-07-12 10:48:40
2025/9/R/742,NONSTANDARD_SITE,cep-03,2026-07-12 10:48:40
2025/10/R/743,NONSTANDARD_SITE,A/P Badalgama,2026-07-12 10:48:40
2025/10/R/747,NONSTANDARD_SITE,cep-03,2026-07-12 10:48:40
2025/10/R/749,NONSTANDARD_SITE,cep-03,2026-07-12 10:48:40
2025/10/R/758,NONSTANDARD_SITE,Solution,2026-07-12 10:48:40
2025/10/R/763,DATE_INVERTED,opened 2025-10-09 > closed 2025-09-10,2026-07-12 10:48:40
2025/10/R/766,EQUIPMENT_ASSET,Elec. Air compressor,2026-07-12 10:48:40
2025/10/R/767,EQUIPMENT_ASSET,Elec. Air compressor,2026-07-12 10:48:40
2025/10/R/768,EQUIPMENT_ASSET,Elec. Air compressor,2026-07-12 10:48:40
2025/10/R/771,NONSTANDARD_SITE,cep-03,2026-07-12 10:48:40
2025/10/R/774,ODOMETER_EXTRACTED,74091 Km,2026-07-12 10:48:40
2025/10/R/778,NONSTANDARD_SITE,cep-03,2026-07-12 10:48:40
2025/10/R/782,NONSTANDARD_SITE,cep-03,2026-07-12 10:48:40
2025/10/R/783,NONSTANDARD_SITE,cep-03,2026-07-12 10:48:40
2025/10/R/784,NONSTANDARD_SITE,cep-03,2026-07-12 10:48:40
2025/10/R/787,NONSTANDARD_SITE,cep-03,2026-07-12 10:48:40
2025/10/R/788,NONSTANDARD_SITE,cep-03,2026-07-12 10:48:40
2025/10/R/789,NONSTANDARD_SITE,cep-03,2026-07-12 10:48:40
2025/10/R/792,NONSTANDARD_SITE,cep-03,2026-07-12 10:48:40
2025/10/R/796,NONSTANDARD_SITE,Solution,2026-07-12 10:48:40
2025/10/R/797,NONSTANDARD_SITE,cep-03,2026-07-12 10:48:40
2025/10/R/797-1,NONSTANDARD_SITE,cep-03,2026-07-12 10:48:40
2025/10/R/798,NONSTANDARD_SITE,cep-03,2026-07-12 10:48:40
2025/10/R/809,NONSTANDARD_SITE,Solution,2026-07-12 10:48:40
2025/10/R/816,EQUIPMENT_ASSET,one bag mixture,2026-07-12 10:48:40
2025/10/R/826,NONSTANDARD_SITE,cep-03,2026-07-12 10:48:40
2025/10/R/829,NONSTANDARD_SITE,cep-03,2026-07-12 10:48:40
2025/10/R/832,EQUIPMENT_ASSET,Vibro Hammer,2026-07-12 10:48:40
2025/11/R/838,NONSTANDARD_SITE,cep-03,2026-07-12 10:48:40
2025/11/R/841,NONSTANDARD_SITE,cep-03,2026-07-12 10:48:40
2025/11/R/843,NONSTANDARD_SITE,H/O,2026-07-12 10:48:40
2025/11/R/851,NONSTANDARD_SITE,Solution,2026-07-12 10:48:40
2025/11/R/855,NONSTANDARD_SITE,cep-03,2026-07-12 10:48:40
2025/11/R/864,DATE_INVERTED,opened 2025-12-11 > closed 2025-11-12,2026-07-12 10:48:40
2025/11/R/865,NONSTANDARD_SITE,cep-03,2026-07-12 10:48:40
2025/11/R/875,NONSTANDARD_SITE,cep-03,2026-07-12 10:48:40
2025/11/R/880,NONSTANDARD_SITE,cep-03,2026-07-12 10:48:40
2025/11/R/885,NONSTANDARD_SITE,cep-03,2026-07-12 10:48:40
2025/11/R/887,NONSTANDARD_SITE,cep-03,2026-07-12 10:48:40
2025/11/R/890,NONSTANDARD_SITE,cep-03,2026-07-12 10:48:40
2025/11/R/892,NONSTANDARD_SITE,cep-03,2026-07-12 10:48:40
2025/11/R/893,NONSTANDARD_SITE,cep-03,2026-07-12 10:48:40
2025/11/R/896,NONSTANDARD_SITE,cep-03,2026-07-12 10:48:40
2025/11/R/899,NONSTANDARD_SITE,cep-03,2026-07-12 10:48:40
2025/11/R/900,NONSTANDARD_SITE,cep-03,2026-07-12 10:48:40
2025/11/R/905,NONSTANDARD_SITE,Solution,2026-07-12 10:48:40
2025/11/R/907,NONSTANDARD_SITE,cep-03,2026-07-12 10:48:40
2025/11/R/911,NONSTANDARD_SITE,H/O,2026-07-12 10:48:40
2025/11/R/912,NONSTANDARD_SITE,cep-03,2026-07-12 10:48:40
2025/11/R/913,NONSTANDARD_SITE,H/O,2026-07-12 10:48:40
2025/11/R/914,NONSTANDARD_SITE,cep-03,2026-07-12 10:48:40
2025/11/R/917,MISSING_ASSET,Requested job row 2629,2026-07-12 10:48:40
2025/11/R/918,MISSING_ASSET,Requested job row 2630,2026-07-12 10:48:40
2026/1/R/001,NONSTANDARD_SITE,CEP-03,2026-07-12 10:48:40
2026/1/R/004,NONSTANDARD_SITE,CEP-03,2026-07-12 10:48:40
2026/1/R/007,NONSTANDARD_SITE,H/O,2026-07-12 10:48:40
2026/1/R/019,NONSTANDARD_SITE,CEP-03,2026-07-12 10:48:40
2026/1/R/020,NONSTANDARD_SITE,Solution,2026-07-12 10:48:40
2026/1/R/026,NONSTANDARD_SITE,CEP-03,2026-07-12 10:48:40
2026/1/R/033,DATE_INVERTED,opened 2026-01-19 > closed 1908-03-20,2026-07-12 10:48:40
2026/1/R/033,DATE_OUT_OF_RANGE,closed 1908-03-20,2026-07-12 10:48:40
2026/1/R/035,DATE_INVERTED,opened 2026-02-21 > closed 2026-01-24,2026-07-12 10:48:40
2026/1/R/043,NONSTANDARD_SITE,CEP-03,2026-07-12 10:48:40
2026/1/R/044,NONSTANDARD_SITE,CEP-03,2026-07-12 10:48:40
2026/1/R/052,NONSTANDARD_SITE,H/O,2026-07-12 10:48:40
2026/1/R/055,NONSTANDARD_SITE,H/O,2026-07-12 10:48:40
2026/1/R/063,NONSTANDARD_SITE,Solution,2026-07-12 10:48:40
2026/1/R/064,NONSTANDARD_SITE,Solution,2026-07-12 10:48:40
2026/1/R/065,NONSTANDARD_SITE,H/O,2026-07-12 10:48:40
2026/2/R/073,EQUIPMENT_ASSET,PV,2026-07-12 10:48:40
2026/2/R/079,NONSTANDARD_SITE,H/O,2026-07-12 10:48:40
2026/2/R/086,EQUIPMENT_ASSET,Plate Compactor,2026-07-12 10:48:40
2026/2/R/113,NONSTANDARD_SITE,H/O,2026-07-12 10:48:40
2026/2/R/121,EQUIPMENT_ASSET,PV,2026-07-12 10:48:40
2026/2/R/123,EQUIPMENT_ASSET,1T Roller,2026-07-12 10:48:40
2026/3/R/131,EQUIPMENT_ASSET,Rammer,2026-07-12 10:48:40
2026/3/R/135,EQUIPMENT_ASSET,2KW Generator,2026-07-12 10:48:40
2026/3/R/153,NONSTANDARD_SITE,CEP-03,2026-07-12 10:48:40
2026/3/R/154,NONSTANDARD_SITE,CEP-03,2026-07-12 10:48:40
2026/3/R/155,NONSTANDARD_SITE,CEP-03,2026-07-12 10:48:40
2026/3/R/157,EQUIPMENT_ASSET,"6"" WP",2026-07-12 10:48:40
2026/3/R/158,NONSTANDARD_SITE,CEP-03,2026-07-12 10:48:40
2026/3/R/159,NONSTANDARD_SITE,CEP-03,2026-07-12 10:48:40
2026/3/R/165,NONSTANDARD_SITE,Solution,2026-07-12 10:48:40
2026/3/R/178,EQUIPMENT_ASSET,Fuel filling station,2026-07-12 10:48:40
2026/3/R/183,EQUIPMENT_ASSET,"4"" WP",2026-07-12 10:48:40
2026/3/R/184,NONSTANDARD_SITE,H/O,2026-07-12 10:48:40
2026/3/R/189,NONSTANDARD_SITE,CEP-03,2026-07-12 10:48:40
2026/3/R/190,NONSTANDARD_SITE,Solution,2026-07-12 10:48:40
2026/3/R/191,NONSTANDARD_SITE,A/plant,2026-07-12 10:48:40
2026/3/R/191,EQUIPMENT_ASSET,Asphalt plant,2026-07-12 10:48:40
2026/4/R/198,EQUIPMENT_ASSET,CM,2026-07-12 10:48:40
2026/4/R/200,EQUIPMENT_ASSET,Light Plant,2026-07-12 10:48:40
2026/4/R/202,NONSTANDARD_SITE,H/O,2026-07-12 10:48:40
2026/4/R/206,NONSTANDARD_SITE,CEP-03,2026-07-12 10:48:40
2026/4/R/209,NONSTANDARD_SITE,CEP-03,2026-07-12 10:48:40
2026/4/R/211,EQUIPMENT_ASSET,1T Roller,2026-07-12 10:48:40
2026/4/R/220,NONSTANDARD_SITE,CEP-03,2026-07-12 10:48:40
2026/4/R/221,NONSTANDARD_SITE,CEP-03,2026-07-12 10:48:40
2026/4/R/224-1,NONSTANDARD_SITE,CEP-03,2026-07-12 10:48:40
2026/4/R/225,NONSTANDARD_SITE,CEP-03,2026-07-12 10:48:40
2026/4/R/227,NONSTANDARD_SITE,CEP-03,2026-07-12 10:48:40
2026/4/R/230,ODOMETER_EXTRACTED,1000 Hrs,2026-07-12 10:48:40
2026/4/R/236,NONSTANDARD_SITE,CEP-03,2026-07-12 10:48:40
2026/4/R/237,NONSTANDARD_SITE,CEP-03,2026-07-12 10:48:40
2026/5/R/244,NONSTANDARD_SITE,CEP-03,2026-07-12 10:48:40
2026/5/R/247,NONSTANDARD_SITE,CEP-03,2026-07-12 10:48:40
2026/5/R/248,ODOMETER_EXTRACTED,412232 Km,2026-07-12 10:48:40
2026/5/R/250,NONSTANDARD_SITE,CEP-03,2026-07-12 10:48:40
2026/5/R/254,NONSTANDARD_SITE,CEP-03,2026-07-12 10:48:40
2026/5/R/255,NONSTANDARD_SITE,H/O,2026-07-12 10:48:40
2026/5/R/263,NONSTANDARD_SITE,CEP-03,2026-07-12 10:48:40
2026/5/R/264,NONSTANDARD_SITE,CEP-03,2026-07-12 10:48:40
2026/5/R/265,ODOMETER_EXTRACTED,19135 Km,2026-07-12 10:48:40
2026/5/R/266,NONSTANDARD_SITE,CEP-03,2026-07-12 10:48:40
2026/5/R/274,NONSTANDARD_SITE,H/O,2026-07-12 10:48:40
2026/5/R/280,EQUIPMENT_ASSET,Jack Hammer,2026-07-12 10:48:40
2026/6/R/296,NONSTANDARD_SITE,Marawila / Badalgama,2026-07-12 10:48:40
2026/6/R/299,MISSING_ASSET,Requested job row 2933,2026-07-12 10:48:40
2026/6/R/303,ODOMETER_EXTRACTED,173241 Km,2026-07-12 10:48:40
2026/6/R/307,NONSTANDARD_SITE,CEP-03,2026-07-12 10:48:40
2026/6/R/309,NONSTANDARD_SITE,H/O,2026-07-12 10:48:40
2026/6/R/311,NONSTANDARD_SITE,Solution,2026-07-12 10:48:40
2026/6/R/322,NONSTANDARD_SITE,CEP-03,2026-07-12 10:48:40
2026/6/R/323,NONSTANDARD_SITE,CEP-03,2026-07-12 10:48:40
2026/6/R/324,NONSTANDARD_SITE,CEP-03,2026-07-12 10:48:40
2026/6/R/325,NONSTANDARD_SITE,CEP-03,2026-07-12 10:48:40
2026/6/R/331,EQUIPMENT_ASSET,CM,2026-07-12 10:48:40
2026/6/R/339,NONSTANDARD_SITE,Mannar (Musali),2026-07-12 10:48:40
2026/6/R/339,EQUIPMENT_ASSET,Wacker 2 Nos,2026-07-12 10:48:40
2026/6/R/341,ODOMETER_EXTRACTED,1167 Hrs,2026-07-12 10:48:40
2026/6/R/342,NONSTANDARD_SITE,CEP-03,2026-07-12 10:48:40
2026/6/R/350,EQUIPMENT_ASSET,Engine driven water pump,2026-07-12 10:48:40
2026/6/R/368,NONSTANDARD_SITE,Batticaloa LoT-02,2026-07-12 10:48:40
2026/7/R/390,NONSTANDARD_SITE,CEP-03,2026-07-12 10:48:40
2024/1/R/063,NONSTANDARD_SITE,cep-03,2026-07-12 10:48:40
2024/2/R/112,NONSTANDARD_SITE,cep-03,2026-07-12 10:48:40
2024/3/R/161,NONSTANDARD_SITE,cep-03,2026-07-12 10:48:40
2024/3/R/176,NONSTANDARD_SITE,cep-03,2026-07-12 10:48:40
2024/3/R/180,NONSTANDARD_SITE,cep-03,2026-07-12 10:48:40
2024/3/R/237,NONSTANDARD_SITE,cep-03,2026-07-12 10:48:40
2024/3/R/238,ODOMETER_EXTRACTED,388048 Km,2026-07-12 10:48:40
2024/4/R/264,ODOMETER_EXTRACTED,1938 Hrs,2026-07-12 10:48:40
2024/4/R/265,ODOMETER_EXTRACTED,8080 Hrs,2026-07-12 10:48:40
2024/4/R/267,ODOMETER_EXTRACTED,12127 Km,2026-07-12 10:48:40
2024/4/R/268,NONSTANDARD_SITE,H/O,2026-07-12 10:48:40
2024/4/R/268,ODOMETER_EXTRACTED,192884 Km,2026-07-12 10:48:40
2024/4/R/270,ODOMETER_EXTRACTED,860036 Km,2026-07-12 10:48:40
2024/4/R/277,NONSTANDARD_SITE,cep-03,2026-07-12 10:48:40
2024/4/R/278,EQUIPMENT_ASSET,4WD bike,2026-07-12 10:48:40
2024/4/R/286,ODOMETER_EXTRACTED,2728 Hrs,2026-07-12 10:48:40
2024/4/R/287,ODOMETER_EXTRACTED,294644 Km,2026-07-12 10:48:40
2024/4/R/288,ODOMETER_EXTRACTED,196578 Km,2026-07-12 10:48:40
2024/4/R/289,NONSTANDARD_SITE,cep-03,2026-07-12 10:48:40
2024/4/R/291,ODOMETER_EXTRACTED,208209 Km,2026-07-12 10:48:40
2024/5/R/295,ODOMETER_EXTRACTED,5303 Hrs,2026-07-12 10:48:40
2024/5/R/299,NONSTANDARD_SITE,cep-03,2026-07-12 10:48:40
2024/5/R/300,NONSTANDARD_SITE,cep-03,2026-07-12 10:48:40
2024/5/R/304,NONSTANDARD_SITE,cep-03,2026-07-12 10:48:40
2024/5/R/305,ODOMETER_EXTRACTED,52546 Km,2026-07-12 10:48:40
2024/5/R/310,ODOMETER_EXTRACTED,200045 Km,2026-07-12 10:48:40
2024/5/R/311,NONSTANDARD_SITE,cep-03,2026-07-12 10:48:40
2024/5/R/316,NONSTANDARD_SITE,cep-03,2026-07-12 10:48:40
2024/5/R/316,ODOMETER_EXTRACTED,112820 Km,2026-07-12 10:48:40
2024/5/R/331,ODOMETER_EXTRACTED,409455 Km,2026-07-12 10:48:40
2024/5/R/332,NONSTANDARD_SITE,Solution,2026-07-12 10:48:40
2024/5/R/334,NONSTANDARD_SITE,cep-03,2026-07-12 10:48:40
2024/5/R/335,NONSTANDARD_SITE,cep-03,2026-07-12 10:48:40
2024/5/R/339,ODOMETER_EXTRACTED,200278 Km,2026-07-12 10:48:40
2024/5/R/340,NONSTANDARD_SITE,cep-03,2026-07-12 10:48:40
2024/5/R/341,NONSTANDARD_SITE,cep-03,2026-07-12 10:48:40
2024/5/R/346,ODOMETER_EXTRACTED,5193 Hrs,2026-07-12 10:48:40
2024/5/R/347,ODOMETER_EXTRACTED,4828 Hrs,2026-07-12 10:48:40
2024/5/R/349,NONSTANDARD_SITE,cep-03,2026-07-12 10:48:40
2024/5/R/349,DATE_INVERTED,opened 2024-08-05 > closed 2024-06-26,2026-07-12 10:48:40
2024/6/R/353,ODOMETER_EXTRACTED,379616 Km,2026-07-12 10:48:40
2024/6/R/354,ODOMETER_EXTRACTED,1759 Hrs,2026-07-12 10:48:40
2024/6/R/355,NONSTANDARD_SITE,cep-03,2026-07-12 10:48:40
2024/6/R/356,NONSTANDARD_SITE,cep-03,2026-07-12 10:48:40
2024/6/R/357,ODOMETER_EXTRACTED,235516 Km,2026-07-12 10:48:40
2024/6/R/360,ODOMETER_EXTRACTED,2716 Hrs,2026-07-12 10:48:40
2024/6/R/361,ODOMETER_EXTRACTED,64227 Km,2026-07-12 10:48:40
2024/6/R/363,NONSTANDARD_SITE,cep-03,2026-07-12 10:48:40
2024/6/R/365,NONSTANDARD_SITE,cep-03,2026-07-12 10:48:40
2024/6/R/366,NONSTANDARD_SITE,cep-03,2026-07-12 10:48:40
2024/6/R/368,ODOMETER_EXTRACTED,1257 Hrs,2026-07-12 10:48:40
2024/6/R/370,ODOMETER_EXTRACTED,131511 Km,2026-07-12 10:48:40
2024/6/R/371,ODOMETER_EXTRACTED,867145 Km,2026-07-12 10:48:40
2024/6/R/374,NONSTANDARD_SITE,cep-03,2026-07-12 10:48:40
2024/6/R/375,NONSTANDARD_SITE,cep-03,2026-07-12 10:48:40
2024/6/R/379,NONSTANDARD_SITE,cep-03,2026-07-12 10:48:40
2024/6/R/380,ODOMETER_EXTRACTED,183258 Km,2026-07-12 10:48:40
2024/6/R/383,ODOMETER_EXTRACTED,159163 Km,2026-07-12 10:48:40
2024/6/R/384,NONSTANDARD_SITE,cep-03,2026-07-12 10:48:40
2024/6/R/386,NONSTANDARD_SITE,cep-03,2026-07-12 10:48:40
2024/6/R/388,ODOMETER_EXTRACTED,299167 Km,2026-07-12 10:48:40
2024/6/R/390,ODOMETER_EXTRACTED,423266 Km,2026-07-12 10:48:40
2024/6/R/392,ODOMETER_EXTRACTED,159270 Km,2026-07-12 10:48:40
2024/6/R/394,NONSTANDARD_SITE,cep-03,2026-07-12 10:48:40
2024/6/R/395,NONSTANDARD_SITE,cep-03,2026-07-12 10:48:40
2024/6/R/397,ODOMETER_EXTRACTED,300419 Km,2026-07-12 10:48:40
2024/6/R/398,NONSTANDARD_SITE,cep-03,2026-07-12 10:48:40
2024/6/R/400,NONSTANDARD_SITE,cep-03,2026-07-12 10:48:40
2024/6/R/401,NONSTANDARD_SITE,cep-03,2026-07-12 10:48:40
2024/6/R/402,NONSTANDARD_SITE,cep-03,2026-07-12 10:48:40
2024/6/R/404,ODOMETER_EXTRACTED,202749 Km,2026-07-12 10:48:40
2024/6/R/406,NONSTANDARD_SITE,cep-03,2026-07-12 10:48:40
2024/6/R/407,ODOMETER_EXTRACTED,4983 Hrs,2026-07-12 10:48:40
2024/6/R/407-1,NONSTANDARD_SITE,cep-03,2026-07-12 10:48:40
2024/6/R/411,NONSTANDARD_SITE,cep-03,2026-07-12 10:48:40
2024/6/R/412,NONSTANDARD_SITE,cep-03,2026-07-12 10:48:40
2024/6/R/413,ODOMETER_EXTRACTED,299775 Km,2026-07-12 10:48:40
2024/6/R/415,EQUIPMENT_ASSET,Wacker & sub. Pump,2026-07-12 10:48:40
2024/6/R/417,NONSTANDARD_SITE,cep-03,2026-07-12 10:48:40
2024/6/R/426,NONSTANDARD_SITE,cep-03,2026-07-12 10:48:40
2024/6/R/426,ODOMETER_EXTRACTED,224 Hrs,2026-07-12 10:48:40
2024/6/R/429,ODOMETER_EXTRACTED,108633 Km,2026-07-12 10:48:40
2024/6/R/430,ODOMETER_EXTRACTED,869102 Km,2026-07-12 10:48:40
2024/6/R/437,ODOMETER_EXTRACTED,831693 Km,2026-07-12 10:48:40
2024/6/R/439-01,ODOMETER_EXTRACTED,11870 Hrs,2026-07-12 10:48:40
2024/7/R/422,NONSTANDARD_SITE,cep-03,2026-07-12 10:48:40
2024/7/R/452-1,NONSTANDARD_SITE,cep-03,2026-07-12 10:48:40
2024/7/R/452-1,NONSTANDARD_SITE,cep-03,2026-07-12 10:48:40
2024/7/R/453,ODOMETER_EXTRACTED,66650 Km,2026-07-12 10:48:40
2024/7/R/454,ODOMETER_EXTRACTED,83278 Km,2026-07-12 10:48:40
2024/7/R/456,NONSTANDARD_SITE,cep-03,2026-07-12 10:48:40
2024/7/R/456,ODOMETER_EXTRACTED,41961 Km,2026-07-12 10:48:40
2024/7/R/457,NONSTANDARD_SITE,cep-03,2026-07-12 10:48:40
2024/7/R/458,ODOMETER_EXTRACTED,158103 Km,2026-07-12 10:48:40
2024/7/R/459,NONSTANDARD_SITE,cep-03,2026-07-12 10:48:40
2024/7/R/460,NONSTANDARD_SITE,cep-03,2026-07-12 10:48:40
2024/7/R/462,NONSTANDARD_SITE,cep-03,2026-07-12 10:48:40
2024/7/R/463,NONSTANDARD_SITE,cep-03,2026-07-12 10:48:40
2024/7/R/464,NONSTANDARD_SITE,Solution,2026-07-12 10:48:40
2024/7/R/464,ODOMETER_EXTRACTED,185253 Km,2026-07-12 10:48:40
2024/7/R/466,ODOMETER_EXTRACTED,109443 Km,2026-07-12 10:48:40
2024/7/R/467,ODOMETER_EXTRACTED,396155 Km,2026-07-12 10:48:40
2024/7/R/468-01,NONSTANDARD_SITE,cep-03,2026-07-12 10:48:40
2024/7/R/468-01,ODOMETER_EXTRACTED,55691 Km,2026-07-12 10:48:40
2024/7/R/469,NONSTANDARD_SITE,cep-03,2026-07-12 10:48:40
2024/7/R/474,ODOMETER_EXTRACTED,381544 Km,2026-07-12 10:48:40
2024/7/R/474-01,ODOMETER_EXTRACTED,166117 Km,2026-07-12 10:48:40
2024/7/R/481,ODOMETER_EXTRACTED,15412 Km,2026-07-12 10:48:40
2024/7/R/482,NONSTANDARD_SITE,cep-03,2026-07-12 10:48:40
2024/7/R/482,ODOMETER_EXTRACTED,741394 Km,2026-07-12 10:48:40
2024/7/R/483,ODOMETER_EXTRACTED,202239 Km,2026-07-12 10:48:40
2024/7/R/484,NONSTANDARD_SITE,cep-03,2026-07-12 10:48:40
2024/7/R/485,NONSTANDARD_SITE,cep-03,2026-07-12 10:48:40
2024/7/R/486,NONSTANDARD_SITE,cep-03,2026-07-12 10:48:40
2024/7/R/487,ODOMETER_EXTRACTED,55646 Km,2026-07-12 10:48:40
2024/7/R/488,NONSTANDARD_SITE,cep-03,2026-07-12 10:48:40
2024/7/R/490,NONSTANDARD_SITE,cep-03,2026-07-12 10:48:40
2024/7/R/494,NONSTANDARD_SITE,cep-03,2026-07-12 10:48:40
2024/7/R/494,ODOMETER_EXTRACTED,20137 Hrs,2026-07-12 10:48:40
2024/7/R/495,ODOMETER_EXTRACTED,301608 Km,2026-07-12 10:48:40
2024/7/R/498-01,NONSTANDARD_SITE,cep-03,2026-07-12 10:48:40
2024/7/R/500,NONSTANDARD_SITE,cep-03,2026-07-12 10:48:40
2024/7/R/502,ODOMETER_EXTRACTED,1843 Hrs,2026-07-12 10:48:40
2024/7/R/504,DATE_INVERTED,opened 2024-07-30 > closed 2024-07-21,2026-07-12 10:48:40
2024/7/R/508,NONSTANDARD_SITE,A/team,2026-07-12 10:48:40
2024/7/R/508,ODOMETER_EXTRACTED,206645 Km,2026-07-12 10:48:40
2024/7/R/510,ODOMETER_EXTRACTED,33050 Km,2026-07-12 10:48:40
2024/7/R/511,ODOMETER_EXTRACTED,873307 Km,2026-07-12 10:48:40
2024/7/R/512,ODOMETER_EXTRACTED,216571 Km,2026-07-12 10:48:40
2024/7/R/514,NONSTANDARD_SITE,cep-03,2026-07-12 10:48:40
2024/7/R/515,ODOMETER_EXTRACTED,1624 Hrs,2026-07-12 10:48:40
2024/8/R/519,ODOMETER_EXTRACTED,206678 Km,2026-07-12 10:48:40
2024/8/R/531,ODOMETER_EXTRACTED,7265 Hrs,2026-07-12 10:48:40
2024/8/R/532,NONSTANDARD_SITE,cep-03,2026-07-12 10:48:40
2024/8/R/533,NONSTANDARD_SITE,cep-03,2026-07-12 10:48:40
2024/8/R/535,ODOMETER_EXTRACTED,289067 Km,2026-07-12 10:48:40
2024/8/R/536,NONSTANDARD_SITE,Neluwa-solution,2026-07-12 10:48:40
2024/8/R/536,EQUIPMENT_ASSET,Concrete mixer,2026-07-12 10:48:40
2024/8/R/537,NONSTANDARD_SITE,cep-03,2026-07-12 10:48:40
2024/8/R/538,ODOMETER_EXTRACTED,160655 Km,2026-07-12 10:48:40
2024/8/R/542,NONSTANDARD_SITE,cep-03,2026-07-12 10:48:40
2024/8/R/545,ODOMETER_EXTRACTED,308656 Km,2026-07-12 10:48:40
2024/8/R/547,NONSTANDARD_SITE,cep-03,2026-07-12 10:48:40
2024/8/R/547,ODOMETER_EXTRACTED,44612 Km,2026-07-12 10:48:40
2024/8/R/574,ODOMETER_EXTRACTED,2691 Hrs,2026-07-12 10:48:40
2024/8/R/579,NONSTANDARD_SITE,Solution,2026-07-12 10:48:40
2024/8/R/582,NONSTANDARD_SITE,cep-03,2026-07-12 10:48:40
2024/8/R/586,NONSTANDARD_SITE,cep-03,2026-07-12 10:48:40
2024/8/R/592,NONSTANDARD_SITE,cep-03,2026-07-12 10:48:40
2024/8/R/597,NONSTANDARD_SITE,cep-03,2026-07-12 10:48:40
2024/8/R/602,NONSTANDARD_SITE,cep-03,2026-07-12 10:48:40
2024/8/R/604,NONSTANDARD_SITE,cep-03,2026-07-12 10:48:40
2024/8/R/604,EQUIPMENT_ASSET,"2"" water pump",2026-07-12 10:48:40
2023/9/R/498,NONSTANDARD_SITE,cep-03,2026-07-12 10:48:40
2023/9/R/498,ODOMETER_EXTRACTED,616 Hrs,2026-07-12 10:48:40
2024/1/R/016,NONSTANDARD_SITE,A/Plant,2026-07-12 10:48:40
2023/12/R/642,NONSTANDARD_SITE,cep-03,2026-07-12 10:48:40
2023/12/R/672,NONSTANDARD_SITE,cep-03,2026-07-12 10:48:40
2023/12/R/673,DATE_INVERTED,opened 2024-12-18 > closed 2023-12-20,2026-07-12 10:48:40
2023/12/R/674,NONSTANDARD_SITE,cep-03,2026-07-12 10:48:40
2023/12/R/668,ODOMETER_EXTRACTED,55556 Km,2026-07-12 10:48:40
2023/12/R/645,ODOMETER_EXTRACTED,300595 Km,2026-07-12 10:48:40
2023/12/R/641,ODOMETER_EXTRACTED,156299 Km,2026-07-12 10:48:40
2023/12/R/695,NONSTANDARD_SITE,cep-03,2026-07-12 10:48:40
2023/12/R/694,NONSTANDARD_SITE,H/O,2026-07-12 10:48:40
2023/12/R/638,ODOMETER_EXTRACTED,178436 Km,2026-07-12 10:48:40
2023/12/R/643,EQUIPMENT_ASSET,"6"" water pump",2026-07-12 10:48:40
2023/7/R/335,NONSTANDARD_SITE,cep-03,2026-07-12 10:48:40
2023/12/R/679,ODOMETER_EXTRACTED,173931 Km,2026-07-12 10:48:40
2023/12/R/686,ODOMETER_EXTRACTED,734557 Km,2026-07-12 10:48:40
2023/12/R/670,ODOMETER_EXTRACTED,50529 Km,2026-07-12 10:48:40
2023/12/R/660,ODOMETER_EXTRACTED,44625 Km,2026-07-12 10:48:40
2023/9/R/476,NONSTANDARD_SITE,A/team,2026-07-12 10:48:40
2023/9/R/476,EQUIPMENT_ASSET,Plate compactor,2026-07-12 10:48:40
2024/1/R/009,ODOMETER_EXTRACTED,55409 Km,2026-07-12 10:48:40
2024/1/R/004,EQUIPMENT_ASSET,CM,2026-07-12 10:48:40
2024/1/R/017,NONSTANDARD_SITE,cep-03,2026-07-12 10:48:40
2024/1/R/002,NONSTANDARD_SITE,cep-03,2026-07-12 10:48:40
2024/7/R/482,ODOMETER_EXTRACTED,163877 Km,2026-07-12 10:48:40
2024/8/R/521,NONSTANDARD_SITE,A/team,2026-07-12 10:48:40
2024/8/R/521,ODOMETER_EXTRACTED,206645 Km,2026-07-12 10:48:40
2023/12/R/652,ODOMETER_EXTRACTED,845078 Km,2026-07-12 10:48:40
2024/1/R/014,NONSTANDARD_SITE,cep-03,2026-07-12 10:48:40
2024/1/R/018,NONSTANDARD_SITE,cep-03,2026-07-12 10:48:40
2024/1/R/018,ODOMETER_EXTRACTED,7042 Km,2026-07-12 10:48:40
2023/12/R/677,NONSTANDARD_SITE,Solution,2026-07-12 10:48:40
2023/12/R/677,ODOMETER_EXTRACTED,2698 Hrs,2026-07-12 10:48:40
2024/1/R/007,ODOMETER_EXTRACTED,976 Hrs,2026-07-12 10:48:40
2024/1/R/041,ODOMETER_EXTRACTED,525194 Km,2026-07-12 10:48:40
2023/12/R/687,DATE_INVERTED,opened 2024-12-24 > closed 2024-01-07,2026-07-12 10:48:40
2023/12/R/687,ODOMETER_EXTRACTED,19816 Hrs,2026-07-12 10:48:40
2023/12/R/699,ODOMETER_EXTRACTED,181722 Km,2026-07-12 10:48:40
2024/1/R/011,ODOMETER_EXTRACTED,5107 Hrs,2026-07-12 10:48:40
2023/11/R/599,ODOMETER_EXTRACTED,41155 Km,2026-07-12 10:48:40
2024/2/R/115,NONSTANDARD_SITE,cep-03,2026-07-12 10:48:40
2024/2/R/116,NONSTANDARD_SITE,cep-03,2026-07-12 10:48:40
2024/2/R/110,NONSTANDARD_SITE,cep-03,2026-07-12 10:48:40
2024/2/R/110,ODOMETER_EXTRACTED,242331 Km,2026-07-12 10:48:40
2024/7/R/468,EQUIPMENT_ASSET,Heat Burner,2026-07-12 10:48:40
2024/1/R/007,ODOMETER_EXTRACTED,976 Hrs,2026-07-12 10:48:40
2023/12/R/677,NONSTANDARD_SITE,Solution,2026-07-12 10:48:40
2023/12/R/677,ODOMETER_EXTRACTED,2698 Hrs,2026-07-12 10:48:40
2024/7/R/468,EQUIPMENT_ASSET,Heat Burner,2026-07-12 10:48:40
2024/11/R/834,NONSTANDARD_SITE,Neluwa-solution,2026-07-12 10:48:40
2024/11/R/834,EQUIPMENT_ASSET,Elec. Hoist,2026-07-12 10:48:40
2024/11/R/832,NONSTANDARD_SITE,Solution,2026-07-12 10:48:40
2024/11/R/826,NONSTANDARD_SITE,cep-03,2026-07-12 10:48:40
2024/10/R/752,NONSTANDARD_SITE,cep-03,2026-07-12 10:48:40
2024/10/R/847,NONSTANDARD_SITE,cep-03,2026-07-12 10:48:40
2024/11/R/846,NONSTANDARD_SITE,cep-03,2026-07-12 10:48:40
2024/11/R/845,NONSTANDARD_SITE,cep-03,2026-07-12 10:48:40
2024/11/R/845,ODOMETER_EXTRACTED,351443 Km,2026-07-12 10:48:40
2024/10/R/809,EQUIPMENT_ASSET,Wacker,2026-07-12 10:48:40
2024/10/R/807,NONSTANDARD_SITE,cep-03,2026-07-12 10:48:40
2024/10/R/807,ODOMETER_EXTRACTED,10021 Hrs,2026-07-12 10:48:40
2024/9/R/628,NONSTANDARD_SITE,cep-03,2026-07-12 10:48:40
2024/11/R/853,NONSTANDARD_SITE,cep-03,2026-07-12 10:48:40
2024/11/R/853,ODOMETER_EXTRACTED,216480 Km,2026-07-12 10:48:40
2024/11/R/837,NONSTANDARD_SITE,cep-03,2026-07-12 10:48:40
2024/11/R/836,NONSTANDARD_SITE,cep-03,2026-07-12 10:48:40
2024/11/R/831,NONSTANDARD_SITE,cep-03,2026-07-12 10:48:40
2024/11/R/835,NONSTANDARD_SITE,cep-03,2026-07-12 10:48:40
2024/2/R/105,EQUIPMENT_ASSET,Concrete mixer,2026-07-12 10:48:40
2023/11/R/621,NONSTANDARD_SITE,cep-03,2026-07-12 10:48:40
2024/1/R/24,ODOMETER_EXTRACTED,281412 Km,2026-07-12 10:48:40
2024/1/R/23,NONSTANDARD_SITE,Solution,2026-07-12 10:48:40
2024/1/R/23,ODOMETER_EXTRACTED,266404 Km,2026-07-12 10:48:40
2024/1/R/21,NONSTANDARD_SITE,cep-03,2026-07-12 10:48:40
2024/1/R/21,ODOMETER_EXTRACTED,7839 Hrs,2026-07-12 10:48:40
2024/1/R/69,NONSTANDARD_SITE,cep-03,2026-07-12 10:48:40
2024/2/R/129,NONSTANDARD_SITE,cep-03,2026-07-12 10:48:40
2024/3/R/178,NONSTANDARD_SITE,cep-03,2026-07-12 10:48:40
2024/3/R/159,EQUIPMENT_ASSET,1t roller,2026-07-12 10:48:40
2024/3/R/160,EQUIPMENT_ASSET,"2"" water pump",2026-07-12 10:48:40
2024/3/R/162,ODOMETER_EXTRACTED,1007 Hrs,2026-07-12 10:48:40
2024/10/R/779,NONSTANDARD_SITE,cep-03,2026-07-12 10:48:40
2024/10/R/814,NONSTANDARD_SITE,cep-03,2026-07-12 10:48:40
2024/10/R/815,NONSTANDARD_SITE,cep-03,2026-07-12 10:48:40
2024/10/R/816,NONSTANDARD_SITE,cep-03,2026-07-12 10:48:40
2024/10/R/817,NONSTANDARD_SITE,cep-03,2026-07-12 10:48:40
2024/10/R/818,NONSTANDARD_SITE,cep-03,2026-07-12 10:48:40
2024/11/R/821,NONSTANDARD_SITE,Ja-Ela,2026-07-12 10:48:40
2024/2/R/112,NONSTANDARD_SITE,cep-03,2026-07-12 10:48:40
2023/12/R/657,ODOMETER_EXTRACTED,3627 Hrs,2026-07-12 10:48:40
2023/9/R/494,ODOMETER_EXTRACTED,10938 Hrs,2026-07-12 10:48:40
2024/1/R/38,ODOMETER_EXTRACTED,3370 Hrs,2026-07-12 10:48:40
2024/2/R/106,EQUIPMENT_ASSET,Concrete mixer,2026-07-12 10:48:40
2024/2/R/134,ODOMETER_EXTRACTED,89482 Km,2026-07-12 10:48:40
2024/3/R/143,NONSTANDARD_SITE,cep-03,2026-07-12 10:48:40
2024/11/R/870,NONSTANDARD_SITE,cep-03,2026-07-12 10:48:40
2024/11/R/895,NONSTANDARD_SITE,cep-03,2026-07-12 10:48:40
2024/11/R/886,NONSTANDARD_SITE,cep-03,2026-07-12 10:48:40
2024/11/R/850,ODOMETER_EXTRACTED,23890 Km,2026-07-12 10:48:40
2024/2/R/123,NONSTANDARD_SITE,cep-03,2026-07-12 10:48:40
2024/2/R/123,ODOMETER_EXTRACTED,1417 Hrs,2026-07-12 10:48:40
2024/12/R/934,NONSTANDARD_SITE,cep-03,2026-07-12 10:48:40
2024/12/R/936,NONSTANDARD_SITE,cep-03,2026-07-12 10:48:40
2024/12/R/937,NONSTANDARD_SITE,cep-03,2026-07-12 10:48:40
2024/12/R/941,NONSTANDARD_SITE,cep-03,2026-07-12 10:48:40
2024/12/R/942,NONSTANDARD_SITE,cep-03,2026-07-12 10:48:40
2024/2/R/132,ODOMETER_EXTRACTED,78817 Km,2026-07-12 10:48:40
2024/2/R/135,ODOMETER_EXTRACTED,287479 Km,2026-07-12 10:48:40
2024/2/R/138,NONSTANDARD_SITE,cep-03,2026-07-12 10:48:40
2024/11/R/899,ODOMETER_EXTRACTED,4910 Hrs,2026-07-12 10:48:40
2024/11/R/903,NONSTANDARD_SITE,Solution,2026-07-12 10:48:40
2024/12/R/938,NONSTANDARD_SITE,Solution,2026-07-12 10:48:40
2024/11/R/904,NONSTANDARD_SITE,cep-03,2026-07-12 10:48:40
2024/12/R/935,NONSTANDARD_SITE,cep-03,2026-07-12 10:48:40
2024/12/R/935,EQUIPMENT_ASSET,water pump,2026-07-12 10:48:40
2024/12/R/954,ODOMETER_EXTRACTED,217610 Km,2026-07-12 10:48:40
2024/11/R/849,ODOMETER_EXTRACTED,9066 Hrs,2026-07-12 10:48:40
2024/10/R/761,ODOMETER_EXTRACTED,2246 Hrs,2026-07-12 10:48:40
2024/11/R/896,NONSTANDARD_SITE,cep-03,2026-07-12 10:48:40
2024/11/R/896,ODOMETER_EXTRACTED,9264 Hrs,2026-07-12 10:48:40
2024/11/R/897,ODOMETER_EXTRACTED,9270 Hrs,2026-07-12 10:48:40
2024/12/R/913,NONSTANDARD_SITE,cep-03,2026-07-12 10:48:40
2024/12/R/912,NONSTANDARD_SITE,cep-03,2026-07-12 10:48:40
2024/12/R/916,ODOMETER_EXTRACTED,70452 Km,2026-07-12 10:48:40
2024/12/R/920,ODOMETER_EXTRACTED,319123 Km,2026-07-12 10:48:40
2024/12/R/927,ODOMETER_EXTRACTED,391853 Km,2026-07-12 10:48:40
