asset_key,raw_value,kind,asset_code,dept_code,matched_asset_id,created_at
work shop stores,Work Shop Stores,DEPT,,WS-STR,,2026-07-12 10:48:41
smg-02,SMG-02,ASSET,SMG-02,,,2026-07-12 10:48:41
lb-1720,LB-1720,ASSET,LB-1720,,,2026-07-12 10:48:41
zb-1980,ZB-1980,ASSET,ZB-1980,,,2026-07-12 10:48:41
tinkering work shop,Tinkering Work Shop,DEPT,,WS-TNK,,2026-07-12 10:48:41
48-8072,48-8072,ASSET,48-8072,,,2026-07-12 10:48:41
28-4314,28-4314,ASSET,28-4314,,,2026-07-12 10:48:41
41-1130,41-1130,ASSET,41-1130,,,2026-07-12 10:48:41
lp-1713,LP-1713,ASSET,LP-1713,,,2026-07-12 10:48:41
pa-6399,PA-6399,ASSET,PA-6399,,,2026-07-12 10:48:41
sl-09,SL-09,ASSET,SL-09,,,2026-07-12 10:48:41
work shop stock,Work Shop Stock,DEPT,,WS-STK,,2026-07-12 10:48:41
ln-1867,LN-1867,ASSET,LN-1867,,,2026-07-12 10:48:41
hex-05,HEX-05,ASSET,HEX-05,,,2026-07-12 10:48:41
mg-17,MG-17,ASSET,MG-17,,,2026-07-12 10:48:41
za-7034,ZA-7034,ASSET,ZA-7034,,,2026-07-12 10:48:41
vr-54,VR-54,ASSET,VR-54,,,2026-07-12 10:48:41
ly-1614,LY-1614,ASSET,LY-1614,,,2026-07-12 10:48:41
work shop office,Work Shop Office,DEPT,,WS-OFF,,2026-07-12 10:48:41
hex-43,HEX-43,ASSET,HEX-43,,,2026-07-12 10:48:41
hu-5097,HU-5097,ASSET,HU-5097,,,2026-07-12 10:48:41
lk-4057,LK-4057,ASSET,LK-4057,,,2026-07-12 10:48:41
lk-5047,LK-5047,ASSET,LK-5047,,,2026-07-12 10:48:41
tinker nawathilaka,Tinker Nawathilaka,DEPT,,WS-TNK,,2026-07-12 10:48:41
machanical dilipa,Machanical Dilipa,DEPT,,WS-MCH,,2026-07-12 10:48:41
machanic kumara,Machanic Kumara,DEPT,,WS-MCH,,2026-07-12 10:48:41
lp-1720,LP-1720,ASSET,LP-1720,,,2026-07-12 10:48:41
cr-02,CR-02,ASSET,CR-02,,,2026-07-12 10:48:41
rc-9894,RC-9894,ASSET,RC-9894,,,2026-07-12 10:48:41
lo-4824,LO-4824,ASSET,LO-4824,,,2026-07-12 10:48:41
hex-17,HEX-17,ASSET,HEX-17,,,2026-07-12 10:48:41
li-3851,LI-3851,ASSET,LI-3851,,,2026-07-12 10:48:41
165480,165480,ASSET,165480,,,2026-07-12 10:48:41
51-7158,51-7158,ASSET,51-7158,,,2026-07-12 10:48:41
hex-42,HEX-42,ASSET,HEX-42,,,2026-07-12 10:48:41
01 bags concrete mixer,01 Bags Concrete Mixer,ASSET,01 Bags Concrete Mixer,,,2026-07-12 10:48:41
"lp-1711, lp-1719, lp-1712","LP-1711, LP-1719, LP-1712",ASSET,"LP-1711, LP-1719, LP-1712",,,2026-07-12 10:48:41
trainee machanic a.k.m.a senarath,Trainee Machanic A.K.M.A Senarath,DEPT,,,,2026-07-12 10:48:41
trainee machanic v.a janith piumal,Trainee Machanic V.A Janith Piumal,DEPT,,,,2026-07-12 10:48:41
67-5115,67-5115,ASSET,67-5115,,,2026-07-12 10:48:41
lp-1571,LP-1571,ASSET,LP-1571,,,2026-07-12 10:48:41
py-2408,PY-2408,ASSET,PY-2408,,,2026-07-12 10:48:41
lk-5041,LK-5041,ASSET,LK-5041,,,2026-07-12 10:48:41
48-4849,48-4849,ASSET,48-4849,,,2026-07-12 10:48:41
dah-2229,DAH-2229,ASSET,DAH-2229,,,2026-07-12 10:48:41
ld-05,LD-05,ASSET,LD-05,,,2026-07-12 10:48:41
zb-1979,ZB-1979,ASSET,ZB-1979,,,2026-07-12 10:48:41
"lo-8349, lo-8350","LO-8349, LO-8350",ASSET,"LO-8349, LO-8350",,,2026-07-12 10:48:41
lo-8350,LO-8350,ASSET,LO-8350,,,2026-07-12 10:48:41
49-5294,49-5294,ASSET,49-5294,,,2026-07-12 10:48:41
lo-7183,LO-7183,ASSET,LO-7183,,,2026-07-12 10:48:41
new machanic (kanishka),New Machanic (Kanishka),DEPT,,,,2026-07-12 10:48:41
sl-15,SL-15,ASSET,SL-15,,,2026-07-12 10:48:41
dah-2230,DAH-2230,ASSET,DAH-2230,,,2026-07-12 10:48:41
ly-4524,LY-4524,ASSET,LY-4524,,,2026-07-12 10:48:41
container box roofing (work shop),Container Box Roofing (Work Shop),DEPT,,,,2026-07-12 10:48:41
lx-1679,LX-1679,ASSET,LX-1679,,,2026-07-12 10:48:41
pv-6889,PV-6889,ASSET,PV-6889,,,2026-07-12 10:48:41
lb-21 / zb-1980,LB-21 / ZB-1980,ASSET,LB-21 / ZB-1980,,,2026-07-12 10:48:41
zb-1047,ZB-1047,ASSET,ZB-1047,,,2026-07-12 10:48:41
ph-3945,PH-3945,ASSET,PH-3945,,,2026-07-12 10:48:41
lk-5586,LK-5586,ASSET,LK-5586,,,2026-07-12 10:48:41
tr-146,TR-146,ASSET,TR-146,,,2026-07-12 10:48:41
tm-146 tamping rammer,TM-146 Tamping Rammer,ASSET,TM-146 Tamping Rammer,,,2026-07-12 10:48:41
tr-146  tamping rammer,TR-146  Tamping Rammer,ASSET,TR-146  Tamping Rammer,,,2026-07-12 10:48:41
tr-146 tamping rammer,TR-146 Tamping Rammer,ASSET,TR-146 Tamping Rammer,,,2026-07-12 10:48:41
lp-1579 tata 1618,LP-1579 TATA 1618,ASSET,LP-1579 TATA 1618,,,2026-07-12 10:48:41
lp-1710 tata 1618,LP-1710 TATA 1618,ASSET,LP-1710 TATA 1618,,,2026-07-12 10:48:41
ph-6742,PH-6742,ASSET,PH-6742,,,2026-07-12 10:48:41
oil filter (c-502),Oil Filter (C-502),ASSET,Oil Filter (C-502),,,2026-07-12 10:48:41
325-3448,325-3448,ASSET,325-3448,,,2026-07-12 10:48:41
43-1191,43-1191,ASSET,43-1191,,,2026-07-12 10:48:41
mg-10,MG-10,ASSET,MG-10,,,2026-07-12 10:48:41
40-8060 nissan atlas crew cab,40-8060 Nissan Atlas Crew Cab,ASSET,40-8060 Nissan Atlas Crew Cab,,,2026-07-12 10:48:41
40/8060 nissan atlas crew cab,40/8060 Nissan Atlas Crew Cab,ASSET,40/8060 Nissan Atlas Crew Cab,,,2026-07-12 10:48:41
40-8050 nissan atlas crew cab,40-8050 Nissan Atlas Crew Cab,ASSET,40-8050 Nissan Atlas Crew Cab,,,2026-07-12 10:48:41
pe-3911,PE-3911,ASSET,PE-3911,,,2026-07-12 10:48:41
sl-03,SL-03,ASSET,SL-03,,,2026-07-12 10:48:41
concrete mixer,Concrete Mixer,DEPT,,,,2026-07-12 10:48:41
41-7225,41-7225,ASSET,41-7225,,,2026-07-12 10:48:41
57-3062,57-3062,ASSET,57-3062,,,2026-07-12 10:48:41
gl-0019,GL-0019,ASSET,GL-0019,,,2026-07-12 10:48:41
le-4986,LE-4986,ASSET,LE-4986,,,2026-07-12 10:48:41
lk-4058,LK-4058,ASSET,LK-4058,,,2026-07-12 10:48:41
lk-4061,LK-4061,ASSET,LK-4061,,,2026-07-12 10:48:41
za-7925,ZA-7925,ASSET,ZA-7925,,,2026-07-12 10:48:41
ld-08,LD-08,ASSET,LD-08,,,2026-07-12 10:48:41
lp-1574,LP-1574,ASSET,LP-1574,,,2026-07-12 10:48:41
machanical forman mr upul kumara (ecs-2117),Machanical Forman Mr Upul Kumara (ECS-2117),DEPT,,WS-MCH,,2026-07-12 10:48:41
tinker rm nawathilaka,Tinker RM Nawathilaka,DEPT,,,,2026-07-12 10:48:41
tinker rm nawathilaka (ecd 3023),Tinker RM Nawathilaka (ECD 3023),ASSET,Tinker RM Nawathilaka (ECD 3023),,,2026-07-12 10:48:41
machanical forman dilip (ecs 2047),Machanical Forman Dilip (ECS 2047),DEPT,,WS-MCH,,2026-07-12 10:48:41
ge-102,GE-102,ASSET,GE-102,,,2026-07-12 10:48:41
ge-66,GE-66,ASSET,GE-66,,,2026-07-12 10:48:41
smg-01,SMG-01,ASSET,SMG-01,,,2026-07-12 10:48:41
hex-21,HEX-21,ASSET,HEX-21,,,2026-07-12 10:48:41
sl-08,SL-08,ASSET,SL-08,,,2026-07-12 10:48:41
lj-5203,LJ-5203,ASSET,LJ-5203,,,2026-07-12 10:48:41
za-2963,ZA-2963,ASSET,ZA-2963,,,2026-07-12 10:48:41
asc-25,ASC-25,ASSET,ASC-25,,,2026-07-12 10:48:41
hex-19,HEX-19,ASSET,HEX-19,,,2026-07-12 10:48:41
zb-1548,ZB-1548,ASSET,ZB-1548,,,2026-07-12 10:48:41
lp-1574 tata 1618,LP-1574 TATA 1618,ASSET,LP-1574 TATA 1618,,,2026-07-12 10:48:41
lp-1574 tata-1618,LP-1574 TATA-1618,ASSET,LP-1574 TATA-1618,,,2026-07-12 10:48:41
hex-23,HEX-23,ASSET,HEX-23,,,2026-07-12 10:48:41
40-8060,40-8060,ASSET,40-8060,,,2026-07-12 10:48:41
za-8373,ZA-8373,ASSET,ZA-8373,,,2026-07-12 10:48:41
lb-21,LB-21,ASSET,LB-21,,,2026-07-12 10:48:41
asc-21,ASC-21,ASSET,ASC-21,,,2026-07-12 10:48:41
gx-390 (asc-21),GX-390 (ASC-21),ASSET,GX-390 (ASC-21),,,2026-07-12 10:48:41
fl-03,FL-03,ASSET,FL-03,,,2026-07-12 10:48:41
lb-01,LB-01,ASSET,LB-01,,,2026-07-12 10:48:41
hd-9005,HD-9005,ASSET,HD-9005,,,2026-07-12 10:48:41
sr-11,SR-11,ASSET,SR-11,,,2026-07-12 10:48:41
lb-4824,LB-4824,ASSET,LB-4824,,,2026-07-12 10:48:41
lk-2276,LK-2276,ASSET,LK-2276,,,2026-07-12 10:48:41
rd-3537,RD-3537,ASSET,RD-3537,,,2026-07-12 10:48:41
rd-6318,RD-6318,ASSET,RD-6318,,,2026-07-12 10:48:41
ph-0765,PH-0765,ASSET,PH-0765,,,2026-07-12 10:48:41
68-5115,68-5115,ASSET,68-5115,,,2026-07-12 10:48:41
hex-36,HEX-36,ASSET,HEX-36,,,2026-07-12 10:48:41
hex-39,HEX-39,ASSET,HEX-39,,,2026-07-12 10:48:41
fl-01,FL-01,ASSET,FL-01,,,2026-07-12 10:48:41
hex-33,HEX-33,ASSET,HEX-33,,,2026-07-12 10:48:41
ln-8279,LN-8279,ASSET,LN-8279,,,2026-07-12 10:48:41
ptr-10,PTR-10,ASSET,PTR-10,,,2026-07-12 10:48:41
28-4314 double cab,28-4314 Double Cab,ASSET,28-4314 Double Cab,,,2026-07-12 10:48:41
pc-7812,PC-7812,ASSET,PC-7812,,,2026-07-12 10:48:41
ph-6744,PH-6744,ASSET,PH-6744,,,2026-07-12 10:48:41
mg-07,MG-07,ASSET,MG-07,,,2026-07-12 10:48:41
mg-14,MG-14,ASSET,MG-14,,,2026-07-12 10:48:41
cm-27 (concrete mixer),CM-27 (Concrete Mixer),ASSET,CM-27 (Concrete Mixer),,,2026-07-12 10:48:41
lc-0434,LC-0434,ASSET,LC-0434,,,2026-07-12 10:48:41
service bay,Service Bay,DEPT,,,,2026-07-12 10:48:41
mannar site,Mannar Site,DEPT,,,,2026-07-12 10:48:41
hex-41,HEX-41,ASSET,HEX-41,,,2026-07-12 10:48:41
sl-17,SL-17,ASSET,SL-17,,,2026-07-12 10:48:41
cm-27 (concrete mixer ),CM-27 (Concrete Mixer ),ASSET,CM-27 (Concrete Mixer ),,,2026-07-12 10:48:41
hex-26,HEX-26,ASSET,HEX-26,,,2026-07-12 10:48:41
lp-1576,LP-1576,ASSET,LP-1576,,,2026-07-12 10:48:41
ll-1782,LL-1782,ASSET,LL-1782,,,2026-07-12 10:48:41
za-9395,ZA-9395,ASSET,ZA-9395,,,2026-07-12 10:48:41
sr-13,SR-13,ASSET,SR-13,,,2026-07-12 10:48:41
48-5294,48-5294,ASSET,48-5294,,,2026-07-12 10:48:41
stores,Stores,DEPT,,,,2026-07-12 10:48:41
"lo-7182, lo-5983","LO-7182, LO-5983",ASSET,"LO-7182, LO-5983",,,2026-07-12 10:48:41
ld-09,LD-09,ASSET,LD-09,,,2026-07-12 10:48:41
dah-2228,DAH-2228,ASSET,DAH-2228,,,2026-07-12 10:48:41
pd-7049,PD-7049,ASSET,PD-7049,,,2026-07-12 10:48:41
ap-11  site mr 203457,AP-11  SIte MR 203457,ASSET,AP-11  SIte MR 203457,,,2026-07-12 10:48:41
machanic themida,Machanic Themida,DEPT,,WS-MCH,,2026-07-12 10:48:41
machanic theminda,Machanic Theminda,DEPT,,WS-MCH,,2026-07-12 10:48:41
pa-4879,pA-4879,ASSET,pA-4879,,,2026-07-12 10:48:41
ph-9072,PH-9072,ASSET,PH-9072,,,2026-07-12 10:48:41
ase-21,ASE-21,ASSET,ASE-21,,,2026-07-12 10:48:41
lathe shop,Lathe Shop,DEPT,,,,2026-07-12 10:48:41
ln-8277,LN-8277,ASSET,LN-8277,,,2026-07-12 10:48:41
pa-3945,PA-3945,ASSET,PA-3945,,,2026-07-12 10:48:41
batticoloa,Batticoloa,DEPT,,,,2026-07-12 10:48:41
rs-0483,RS-0483,ASSET,RS-0483,,,2026-07-12 10:48:41
ac-24,AC-24,ASSET,AC-24,,,2026-07-12 10:48:41
la-9208,LA-9208,ASSET,LA-9208,,,2026-07-12 10:48:41
dah-2231,DAH-2231,ASSET,DAH-2231,,,2026-07-12 10:48:41
"lo-4816, dt-45","LO-4816, DT-45",ASSET,"LO-4816, DT-45",,,2026-07-12 10:48:41
"lb-17, zb-1546","LB-17, ZB-1546",ASSET,"LB-17, ZB-1546",,,2026-07-12 10:48:41
ln-8282,LN-8282,ASSET,LN-8282,,,2026-07-12 10:48:41
ln-8281,LN-8281,ASSET,LN-8281,,,2026-07-12 10:48:41
ln-8280,LN-8280,ASSET,LN-8280,,,2026-07-12 10:48:41
ln-8278,LN-8278,ASSET,LN-8278,,,2026-07-12 10:48:41
vr-59,VR-59,ASSET,VR-59,,,2026-07-12 10:48:41
59-5421,59-5421,ASSET,59-5421,,,2026-07-12 10:48:41
batticoloa site,Batticoloa Site,DEPT,,,,2026-07-12 10:48:41
ac-25,AC-25,ASSET,AC-25,,,2026-07-12 10:48:41
51-8083,51-8083,ASSET,51-8083,,,2026-07-12 10:48:41
pv-6883,PV-6883,ASSET,PV-6883,,,2026-07-12 10:48:41
za-8395,ZA-8395,ASSET,ZA-8395,,,2026-07-12 10:48:41
cr-1 / za 8395  crain truck cep - 03,CR-1 / Za 8395  Crain Truck CEP - 03,ASSET,CR-1 / Za 8395  Crain Truck CEP - 03,,,2026-07-12 10:48:41
lade machine shop,Lade Machine Shop,DEPT,,,,2026-07-12 10:48:41
325-5120,325-5120,ASSET,325-5120,,,2026-07-12 10:48:41
ph-6747,PH-6747,ASSET,PH-6747,,,2026-07-12 10:48:41
xb-1979,XB-1979,ASSET,XB-1979,,,2026-07-12 10:48:41
za-9716,ZA-9716,ASSET,ZA-9716,,,2026-07-12 10:48:41
ptr-08,PTR-08,ASSET,PTR-08,,,2026-07-12 10:48:41
ptr-06,PTR-06,ASSET,PTR-06,,,2026-07-12 10:48:41
ptr-01,PTR-01,ASSET,PTR-01,,,2026-07-12 10:48:41
sr-10,SR-10,ASSET,SR-10,,,2026-07-12 10:48:41
ap-11,AP-11,ASSET,AP-11,,,2026-07-12 10:48:41
lm-7951,LM-7951,ASSET,LM-7951,,,2026-07-12 10:48:41
pa-4193,PA-4193,ASSET,PA-4193,,,2026-07-12 10:48:41
dah-2223,DAH-2223,ASSET,DAH-2223,,,2026-07-12 10:48:41
"fl-03, za-8337, vr-14","FL-03, ZA-8337, VR-14",ASSET,"FL-03, ZA-8337, VR-14",,,2026-07-12 10:48:41
fl-02,FL-02,ASSET,FL-02,,,2026-07-12 10:48:41
vr-48,VR-48,ASSET,VR-48,,,2026-07-12 10:48:41
hydraulic hose repair romm,Hydraulic Hose repair romm,DEPT,,,,2026-07-12 10:48:41
hydrolic hose room,Hydrolic Hose Room,DEPT,,,,2026-07-12 10:48:41
pa=4198,PA=4198,ASSET,PA=4198,,,2026-07-12 10:48:41
lp-1566,LP-1566,ASSET,LP-1566,,,2026-07-12 10:48:41
hydrolic repair room,hydrolic repair room,DEPT,,,,2026-07-12 10:48:41
hydraulic hose crimping machine works,Hydraulic Hose crimping machine works,DEPT,,,,2026-07-12 10:48:41
hy. hose repair room,Hy. Hose Repair Room,DEPT,,,,2026-07-12 10:48:41
48-5072,48-5072,ASSET,48-5072,,,2026-07-12 10:48:41
hydrolic hose machine,Hydrolic Hose Machine,DEPT,,,,2026-07-12 10:48:41
workshop stores,Workshop Stores,DEPT,,,,2026-07-12 10:48:41
"lp-1576, lp-1574","LP-1576, LP-1574",ASSET,"LP-1576, LP-1574",,,2026-07-12 10:48:41
sr-12,SR-12,ASSET,SR-12,,,2026-07-12 10:48:41
bep-7836,BEP-7836,ASSET,BEP-7836,,,2026-07-12 10:48:41
hex-01,HEX-01,ASSET,HEX-01,,,2026-07-12 10:48:41
hex - 21,HEX - 21,ASSET,HEX - 21,,,2026-07-12 10:48:41
pt-1569,PT-1569,ASSET,PT-1569,,,2026-07-12 10:48:41
zb-1048,ZB-1048,ASSET,ZB-1048,,,2026-07-12 10:48:41
tikering room,Tikering Room,DEPT,,,,2026-07-12 10:48:41
57-3062 d/cab,57-3062 D/Cab,ASSET,57-3062 D/Cab,,,2026-07-12 10:48:41
41-7225 crew cab,41-7225 Crew Cab,ASSET,41-7225 Crew Cab,,,2026-07-12 10:48:41
lk-2366,LK-2366,ASSET,LK-2366,,,2026-07-12 10:48:41
hex-35,HEX-35,ASSET,HEX-35,,,2026-07-12 10:48:41
hex-34,HEX-34,ASSET,HEX-34,,,2026-07-12 10:48:41
ln-8276,LN-8276,ASSET,LN-8276,,,2026-07-12 10:48:41
li-1782,LI-1782,ASSET,LI-1782,,,2026-07-12 10:48:41
142343,142343,ASSET,142343,,,2026-07-12 10:48:41
za-8511,ZA-8511,ASSET,ZA-8511,,,2026-07-12 10:48:41
ge-34,GE-34,ASSET,GE-34,,,2026-07-12 10:48:41
ln-1867 forton crew cab batticoloa,LN-1867 Forton Crew Cab Batticoloa,ASSET,LN-1867 Forton Crew Cab Batticoloa,,,2026-07-12 10:48:41
za-6068,ZA-6068,ASSET,ZA-6068,,,2026-07-12 10:48:41
3 water pump,3 water pump,ASSET,3 water pump,,,2026-07-12 10:48:41
vr-69,VR-69,ASSET,VR-69,,,2026-07-12 10:48:41
lb-25,LB-25,ASSET,LB-25,,,2026-07-12 10:48:41
zb-1546,ZB-1546,ASSET,ZB-1546,,,2026-07-12 10:48:41
mg-11,MG-11,ASSET,MG-11,,,2026-07-12 10:48:41
for hydraulic hose crimping machine,For Hydraulic Hose Crimping Machine,DEPT,,,,2026-07-12 10:48:41
za-6255,ZA-6255,ASSET,ZA-6255,,,2026-07-12 10:48:41
stores (ruwan),Stores (Ruwan),DEPT,,,,2026-07-12 10:48:41
workshop - hose freezing room wall painting,Workshop - Hose Freezing Room Wall Painting,DEPT,,,,2026-07-12 10:48:41
ph-3945 mahendra d/cab,PH-3945 Mahendra D/Cab,ASSET,PH-3945 Mahendra D/Cab,,,2026-07-12 10:48:41
ruwan,Ruwan,DEPT,,,,2026-07-12 10:48:41
zb-7968,ZB-7968,ASSET,ZB-7968,,,2026-07-12 10:48:41
eh-09-2,EH-09-2,ASSET,EH-09-2,,,2026-07-12 10:48:41
sl-05,SL-05,ASSET,SL-05,,,2026-07-12 10:48:41
sr-06,SR-06,ASSET,SR-06,,,2026-07-12 10:48:41
lk-6740,LK-6740,ASSET,LK-6740,,,2026-07-12 10:48:41
lk-2266,LK-2266,ASSET,LK-2266,,,2026-07-12 10:48:41
sl-04,SL-04,ASSET,SL-04,,,2026-07-12 10:48:41
sl-06,SL-06,ASSET,SL-06,,,2026-07-12 10:48:41
ph-3945 hto,PH-3945 HTO,ASSET,PH-3945 HTO,,,2026-07-12 10:48:41
tm-20,TM-20,ASSET,TM-20,,,2026-07-12 10:48:41
tm-17,TM-17,ASSET,TM-17,,,2026-07-12 10:48:41
lm-5720,LM-5720,ASSET,LM-5720,,,2026-07-12 10:48:41
batticaloa,Batticaloa,DEPT,,,,2026-07-12 10:48:41
mg-13,MG-13,ASSET,MG-13,,,2026-07-12 10:48:41
vr-64,VR-64,ASSET,VR-64,,,2026-07-12 10:48:41
sl-11,SL-11,ASSET,SL-11,,,2026-07-12 10:48:41
mg-06,MG-06,ASSET,MG-06,,,2026-07-12 10:48:41
hex-45 case excavator marawila,HEX-45 Case Excavator Marawila,ASSET,HEX-45 Case Excavator Marawila,,,2026-07-12 10:48:41
hex-45,HEX-45,ASSET,HEX-45,,,2026-07-12 10:48:41
za-7810,ZA-7810,ASSET,ZA-7810,,,2026-07-12 10:48:41
za-8033,ZA-8033,ASSET,ZA-8033,,,2026-07-12 10:48:41
za-8545,ZA-8545,ASSET,ZA-8545,,,2026-07-12 10:48:41
zb-0050,ZB-0050,ASSET,ZB-0050,,,2026-07-12 10:48:41
sl-02,SL-02,ASSET,SL-02,,,2026-07-12 10:48:41
lk-4056,LK-4056,ASSET,LK-4056,,,2026-07-12 10:48:41
253-2574,253-2574,ASSET,253-2574,,,2026-07-12 10:48:41
zb-1978,ZB-1978,ASSET,ZB-1978,,,2026-07-12 10:48:41
2lb-17,2LB-17,ASSET,2LB-17,,,2026-07-12 10:48:41
za-8387,ZA-8387,ASSET,ZA-8387,,,2026-07-12 10:48:41
mgs-01,MGS-01,ASSET,MGS-01,,,2026-07-12 10:48:41
47-5112,47-5112,ASSET,47-5112,,,2026-07-12 10:48:41
01 ton roller,01 Ton Roller,ASSET,01 Ton Roller,,,2026-07-12 10:48:41
tinker shop,Tinker shop,DEPT,,,,2026-07-12 10:48:41
tata 207,TATA 207,ASSET,TATA 207,,,2026-07-12 10:48:41
jcb (ruwanwella),JCB (Ruwanwella),DEPT,,,,2026-07-12 10:48:41
bobcat s760,Bobcat S760,ASSET,Bobcat S760,,,2026-07-12 10:48:41
jmc crew cab,JMC Crew Cab,DEPT,,,,2026-07-12 10:48:41
volvo ec210,Volvo EC210,ASSET,Volvo EC210,,,2026-07-12 10:48:41
hex-37,Hex-37,ASSET,Hex-37,,,2026-07-12 10:48:41
hex-29,HEX-29,ASSET,HEX-29,,,2026-07-12 10:48:41
lm-7949,LM-7949,ASSET,LM-7949,,,2026-07-12 10:48:41
same machine,Same machine,DEPT,,,,2026-07-12 10:48:41
ll-0936,LL-0936,ASSET,LL-0936,,,2026-07-12 10:48:41
zg-1047,ZG-1047,ASSET,ZG-1047,,,2026-07-12 10:48:41
ptr-05,PTR-05,ASSET,PTR-05,,,2026-07-12 10:48:41
office / stores / hyd room,Office / Stores / Hyd Room,DEPT,,,,2026-07-12 10:48:41
generator (katana fuel station),Generator (Katana Fuel Station),DEPT,,,,2026-07-12 10:48:41
hey-29,HEY-29,ASSET,HEY-29,,,2026-07-12 10:48:41
lb-4986,LB-4986,ASSET,LB-4986,,,2026-07-12 10:48:41
eiche truck kollonchi (-4986 le),Eiche truck kollonchi (-4986 LE),ASSET,Eiche truck kollonchi (-4986 LE),,,2026-07-12 10:48:41
za-0447,ZA-0447,ASSET,ZA-0447,,,2026-07-12 10:48:41
lb-1047,LB-1047,ASSET,LB-1047,,,2026-07-12 10:48:41
tractor bowser (water pump),Tractor Bowser (Water Pump),DEPT,,,,2026-07-12 10:48:41
pq-7812,PQ-7812,ASSET,PQ-7812,,,2026-07-12 10:48:41
pa-4193 toyota hilux double cab h/o,PA-4193 Toyota Hilux Double Cab H/O,ASSET,PA-4193 Toyota Hilux Double Cab H/O,,,2026-07-12 10:48:41
"li-3395, li-3405","LI-3395, LI-3405",ASSET,"LI-3395, LI-3405",,,2026-07-12 10:48:41
same vehicle,Same vehicle,DEPT,,,,2026-07-12 10:48:41
dah-2449,DAH-2449,ASSET,DAH-2449,,,2026-07-12 10:48:41
za-7965,ZA-7965,ASSET,ZA-7965,,,2026-07-12 10:48:41
za-7968,ZA-7968,ASSET,ZA-7968,,,2026-07-12 10:48:41
40-2955,40-2955,ASSET,40-2955,,,2026-07-12 10:48:41
4 water pump,4 Water Pump,ASSET,4 Water Pump,,,2026-07-12 10:48:41
4 water pump (awissawella),4 Water Pump (Awissawella),ASSET,4 Water Pump (Awissawella),,,2026-07-12 10:48:41
jcb backhoe loader,JCB Backhoe Loader,DEPT,,,,2026-07-12 10:48:41
za-7092,ZA-7092,ASSET,ZA-7092,,,2026-07-12 10:48:41
for wacckers auto bacs,For Wacckers Auto Bacs,DEPT,,,,2026-07-12 10:48:41
20-5986,20-5986,ASSET,20-5986,,,2026-07-12 10:48:41
za-6255 canter,ZA-6255 Canter,ASSET,ZA-6255 Canter,,,2026-07-12 10:48:41
generators/rammers,Generators/Rammers,DEPT,,,,2026-07-12 10:48:41
vr-66,VR-66,ASSET,VR-66,,,2026-07-12 10:48:42
ge-64,GE-64,ASSET,GE-64,,,2026-07-12 10:48:42
ge-107,GE-107,ASSET,GE-107,,,2026-07-12 10:48:42
ge-02,GE-02,ASSET,GE-02,,,2026-07-12 10:48:42
ph-3946,PH-3946,ASSET,PH-3946,,,2026-07-12 10:48:42
lj-5559,LJ-5559,ASSET,LJ-5559,,,2026-07-12 10:48:42
ws,WS,DEPT,,,,2026-07-12 10:48:42
lb-18,LB-18,ASSET,LB-18,,,2026-07-12 10:48:42
hex-18,HEX-18,ASSET,HEX-18,,,2026-07-12 10:48:42
ld-06,LD-06,ASSET,LD-06,,,2026-07-12 10:48:42
workshop,Workshop,DEPT,,,,2026-07-12 10:48:42
water pump,Water pump,DEPT,,,,2026-07-12 10:48:42
lb-4591,LB-4591,ASSET,LB-4591,,,2026-07-12 10:48:42
za-7990,ZA-7990,ASSET,ZA-7990,,,2026-07-12 10:48:42
4 water pump repair,4 water Pump Repair,ASSET,4 water Pump Repair,,,2026-07-12 10:48:42
li-7701,LI-7701,ASSET,LI-7701,,,2026-07-12 10:48:42
253-2574 double w,253-2574 Double W,ASSET,253-2574 Double W,,,2026-07-12 10:48:42
dah-2230 bolero single cab,DAH-2230 Bolero Single Cab,ASSET,DAH-2230 Bolero Single Cab,,,2026-07-12 10:48:42
mg-09,MG-09,ASSET,MG-09,,,2026-07-12 10:48:42
lp-1568 tata 1615 marawila,LP-1568 TATA 1615 Marawila,ASSET,LP-1568 TATA 1615 Marawila,,,2026-07-12 10:48:42
57-3062 hilux double cab,57-3062 Hilux Double Cab,ASSET,57-3062 Hilux Double Cab,,,2026-07-12 10:48:42
ld-8875,LD-8875,ASSET,LD-8875,,,2026-07-12 10:48:42
lo-8348,LO-8348,ASSET,LO-8348,,,2026-07-12 10:48:42
ac-01,AC-01,ASSET,AC-01,,,2026-07-12 10:48:42
ac-23,AC-23,ASSET,AC-23,,,2026-07-12 10:48:42
bdi-8556 platina 100,BDI-8556 Platina 100,ASSET,BDI-8556 Platina 100,,,2026-07-12 10:48:42
eh-12,EH-12,ASSET,EH-12,,,2026-07-12 10:48:42
vr-12 bathroom,VR-12 Bathroom,ASSET,VR-12 Bathroom,,,2026-07-12 10:48:42
eh-12 robin,EH-12 Robin,ASSET,EH-12 Robin,,,2026-07-12 10:48:42
rs-0401,RS-0401,ASSET,RS-0401,,,2026-07-12 10:48:42
eh12  robin,EH12  Robin,ASSET,EH12  Robin,,,2026-07-12 10:48:42
eh09-02 wacker machine,EH09-02 Wacker machine,ASSET,EH09-02 Wacker machine,,,2026-07-12 10:48:42
6 water pump engine avissawella bridge,6 Water pump engine avissawella bridge,ASSET,6 Water pump engine avissawella bridge,,,2026-07-12 10:48:42
59-5421 double coil,59-5421 Double Coil,ASSET,59-5421 Double Coil,,,2026-07-12 10:48:42
59-5901,59-5901,ASSET,59-5901,,,2026-07-12 10:48:42
za-7290,ZA-7290,ASSET,ZA-7290,,,2026-07-12 10:48:42
ld-02,LD-02,ASSET,LD-02,,,2026-07-12 10:48:42
ac-02,AC-02,ASSET,AC-02,,,2026-07-12 10:48:42
pt-1569 (tata 207),PT-1569 (TATA 207),ASSET,PT-1569 (TATA 207),,,2026-07-12 10:48:42
za-2609 3dx jcb,ZA-2609 3DX JCB,ASSET,ZA-2609 3DX JCB,,,2026-07-12 10:48:42
stores / service bay / lathe,Stores / Service Bay / Lathe,DEPT,,,,2026-07-12 10:48:42
stores / service bay,Stores / Service Bay,DEPT,,,,2026-07-12 10:48:42
stores / lathe / service bay,Stores / Lathe / Service Bay,DEPT,,,,2026-07-12 10:48:42
stones,Stones,DEPT,,,,2026-07-12 10:48:42
ln-1867 jmc,LN-1867 JMC,ASSET,LN-1867 JMC,,,2026-07-12 10:48:42
sl-o6,SL-O6,ASSET,SL-O6,,,2026-07-12 10:48:42
ph-6742 jmc crew cab,PH-6742 JMC Crew Cab,ASSET,PH-6742 JMC Crew Cab,,,2026-07-12 10:48:42
pa-6398,PA-6398,ASSET,PA-6398,,,2026-07-12 10:48:42
pa-6398 toyota crew cab,PA-6398 Toyota Crew Cab,ASSET,PA-6398 Toyota Crew Cab,,,2026-07-12 10:48:42
hu-5097 mitsubishi,HU-5097 Mitsubishi,ASSET,HU-5097 Mitsubishi,,,2026-07-12 10:48:42
pa-6399 toyota,PA-6399 Toyota,ASSET,PA-6399 Toyota,,,2026-07-12 10:48:42
lm-7949 tata,LM-7949 TATA,ASSET,LM-7949 TATA,,,2026-07-12 10:48:42
hex-23 kobelco,HEX-23 Kobelco,ASSET,HEX-23 Kobelco,,,2026-07-12 10:48:42
lk-6738,LK-6738,ASSET,LK-6738,,,2026-07-12 10:48:42
lh-5586 leyland,LH-5586 Leyland,ASSET,LH-5586 Leyland,,,2026-07-12 10:48:42
pc-7812 toyota,PC-7812 Toyota,ASSET,PC-7812 Toyota,,,2026-07-12 10:48:42
ly-4524 renault,LY-4524 Renault,ASSET,LY-4524 Renault,,,2026-07-12 10:48:42
lo-5985 tata,LO-5985 TATA,ASSET,LO-5985 TATA,,,2026-07-12 10:48:42
pc-7812 hilux double cab,PC-7812 Hilux Double Cab,ASSET,PC-7812 Hilux Double Cab,,,2026-07-12 10:48:42
"service cab (wg-08, badalgama)","Service Cab (WG-08, Badalgama)",ASSET,"Service Cab (WG-08, Badalgama)",,,2026-07-12 10:48:42
pd-6747,PD-6747,ASSET,PD-6747,,,2026-07-12 10:48:42
vr-70,VR-70,ASSET,VR-70,,,2026-07-12 10:48:42
lo-9810,LO-9810,ASSET,LO-9810,,,2026-07-12 10:48:42
wash room (w/s),Wash Room (W/S),DEPT,,,,2026-07-12 10:48:42
store,Store,DEPT,,,,2026-07-12 10:48:42
pd-6917,PD-6917,ASSET,PD-6917,,,2026-07-12 10:48:42
28-4314 nissan d20,28-4314 Nissan D20,ASSET,28-4314 Nissan D20,,,2026-07-12 10:48:42
dah-2280,DAH-2280,ASSET,DAH-2280,,,2026-07-12 10:48:42
lk-2276 tata green tipper,LK-2276 TATA Green Tipper,ASSET,LK-2276 TATA Green Tipper,,,2026-07-12 10:48:42
stores (h/o),Stores (H/O),DEPT,,,,2026-07-12 10:48:42
dah-2220,DAH-2220,ASSET,DAH-2220,,,2026-07-12 10:48:42
ptr-10 asphalt team,PTR-10 Asphalt Team,ASSET,PTR-10 Asphalt Team,,,2026-07-12 10:48:42
ton roller,Ton Roller,DEPT,,,,2026-07-12 10:48:42
10 ton roller,10 Ton Roller,ASSET,10 Ton Roller,,,2026-07-12 10:48:42
pa-6399 toyota double cab,PA-6399 Toyota Double Cab,ASSET,PA-6399 Toyota Double Cab,,,2026-07-12 10:48:42
pd-6917 bolero (rear door lock paint),PD-6917 Bolero (Rear Door Lock Paint),ASSET,PD-6917 Bolero (Rear Door Lock Paint),,,2026-07-12 10:48:42
pd-6917 bolero (batticaloa),PD-6917 Bolero (Batticaloa),ASSET,PD-6917 Bolero (Batticaloa),,,2026-07-12 10:48:42
lc-0434 tata 1613,LC-0434 TATA 1613,ASSET,LC-0434 TATA 1613,,,2026-07-12 10:48:42
ld-08 wheel loader,LD-08 Wheel loader,ASSET,LD-08 Wheel loader,,,2026-07-12 10:48:42
ln-9046,LN-9046,ASSET,LN-9046,,,2026-07-12 10:48:42
ln-9046 eicher,LN-9046 Eicher,ASSET,LN-9046 Eicher,,,2026-07-12 10:48:42
lp-1712 tata 1618,LP-1712 TATA 1618,ASSET,LP-1712 TATA 1618,,,2026-07-12 10:48:42
rf-8340 tractor,RF-8340 Tractor,ASSET,RF-8340 Tractor,,,2026-07-12 10:48:42
rd-6318 tractor trailer,RD-6318 Tractor Trailer,ASSET,RD-6318 Tractor Trailer,,,2026-07-12 10:48:42
lp-1561 / lp-1709 / lp-171 / ln-566 / ln-569,LP-1561 / LP-1709 / LP-171 / LN-566 / LN-569,ASSET,LP-1561 / LP-1709 / LP-171 / LN-566 / LN-569,,,2026-07-12 10:48:42
vr-53,VR-53,ASSET,VR-53,,,2026-07-12 10:48:42
hex-23 kobelco sk 200 excavator,HEX-23 Kobelco SK 200 Excavator,ASSET,HEX-23 Kobelco SK 200 Excavator,,,2026-07-12 10:48:42
za-6395 leyland cargo truck mixer,ZA-6395 Leyland Cargo Truck Mixer,ASSET,ZA-6395 Leyland Cargo Truck Mixer,,,2026-07-12 10:48:42
cr-01,CR-01,ASSET,CR-01,,,2026-07-12 10:48:42
pd-6917 mahindra bolero,PD-6917 Mahindra Bolero,ASSET,PD-6917 Mahindra Bolero,,,2026-07-12 10:48:42
hu-5097 mitsubishi 1200,HU-5097 Mitsubishi 1200,ASSET,HU-5097 Mitsubishi 1200,,,2026-07-12 10:48:42
ld-06 komatsu pay loader,LD-06 KOMATSU Pay Loader,ASSET,LD-06 KOMATSU Pay Loader,,,2026-07-12 10:48:42
lathe shop (badalgama),Lathe Shop (Badalgama),DEPT,,,,2026-07-12 10:48:42
za-6255 mitsubishi center,ZA-6255 Mitsubishi Center,ASSET,ZA-6255 Mitsubishi Center,,,2026-07-12 10:48:42
za-6395,ZA-6395,ASSET,ZA-6395,,,2026-07-12 10:48:42
za-6395 leyland 1603,ZA-6395 Leyland 1603,ASSET,ZA-6395 Leyland 1603,,,2026-07-12 10:48:42
cp-01,CP-01,ASSET,CP-01,,,2026-07-12 10:48:42
py-2406,PY-2406,ASSET,PY-2406,,,2026-07-12 10:48:42
rf-8340,RF-8340,ASSET,RF-8340,,,2026-07-12 10:48:42
rf-6340,RF-6340,ASSET,RF-6340,,,2026-07-12 10:48:42
48-8072 tata 1310,48-8072 TATA 1310,ASSET,48-8072 TATA 1310,,,2026-07-12 10:48:42
workshop water pipe line,Workshop Water Pipe Line,DEPT,,,,2026-07-12 10:48:42
fl-01 (fork lift),FL-01 (Fork lift),ASSET,FL-01 (Fork lift),,,2026-07-12 10:48:42
lk-5041 tata 1625 boom truck,LK-5041 TATA 1625 Boom Truck,ASSET,LK-5041 TATA 1625 Boom Truck,,,2026-07-12 10:48:42
lathe,Lathe,DEPT,,,,2026-07-12 10:48:42
first aid  box work shop,First aid  Box Work shop,DEPT,,,,2026-07-12 10:48:42
l0-8349,L0-8349,ASSET,L0-8349,,,2026-07-12 10:48:42
sr-13 / ly-1614,SR-13 / LY-1614,ASSET,SR-13 / LY-1614,,,2026-07-12 10:48:42
lo-8349,LO-8349,ASSET,LO-8349,,,2026-07-12 10:48:42
ll-0690,LL-0690,ASSET,LL-0690,,,2026-07-12 10:48:42
water line repair work shop,Water Line Repair Work Shop,DEPT,,,,2026-07-12 10:48:42
lathe shop badalgama,Lathe Shop Badalgama,DEPT,,,,2026-07-12 10:48:42
stores (badalgama),Stores (Badalgama),DEPT,,,,2026-07-12 10:48:42
pj-6376,PJ-6376,ASSET,PJ-6376,,,2026-07-12 10:48:42
48-4849 leyland badalgama,48-4849 Leyland Badalgama,ASSET,48-4849 Leyland Badalgama,,,2026-07-12 10:48:42
lb-01 jcb 3dx backhoe loader,LB-01 JCB 3Dx Backhoe Loader,ASSET,LB-01 JCB 3Dx Backhoe Loader,,,2026-07-12 10:48:42
pd-6917 mahindra bolero camper,PD-6917 Mahindra Bolero Camper,ASSET,PD-6917 Mahindra Bolero Camper,,,2026-07-12 10:48:42
office use,Office Use,DEPT,,,,2026-07-12 10:48:42
lp-1569,LP-1569,ASSET,LP-1569,,,2026-07-12 10:48:42
54-5421,54-5421,ASSET,54-5421,,,2026-07-12 10:48:42
ac-04,AC-04,ASSET,AC-04,,,2026-07-12 10:48:42
baticlow,Baticlow,DEPT,,,,2026-07-12 10:48:42
workshop tools (batticaloa),Workshop Tools (Batticaloa),DEPT,,,,2026-07-12 10:48:42
za-8373 (cep-03),ZA-8373 (CEP-03),ASSET,ZA-8373 (CEP-03),,,2026-07-12 10:48:42
lp-1567,LP-1567,ASSET,LP-1567,,,2026-07-12 10:48:42
za-700,ZA-700,ASSET,ZA-700,,,2026-07-12 10:48:42
ge-117,GE-117,ASSET,GE-117,,,2026-07-12 10:48:42
lp-1709,LP-1709,ASSET,LP-1709,,,2026-07-12 10:48:42
lp-1568,LP-1568,ASSET,LP-1568,,,2026-07-12 10:48:42
ld-8875 (cep-03),LD-8875 (CEP-03),ASSET,LD-8875 (CEP-03),,,2026-07-12 10:48:42
workshop impactor,Workshop Impactor,DEPT,,,,2026-07-12 10:48:42
angle grinder,Angle Grinder,DEPT,,,,2026-07-12 10:48:42
pj-6376 jme crew cab,PJ-6376 Jme crew Cab,ASSET,PJ-6376 Jme crew Cab,,,2026-07-12 10:48:42
pj-6376 jme crewcab,PJ-6376 Jme Crewcab,ASSET,PJ-6376 Jme Crewcab,,,2026-07-12 10:48:42
48-4849 leyland commet,48-4849 Leyland Commet,ASSET,48-4849 Leyland Commet,,,2026-07-12 10:48:42
lj-8055,LJ-8055,ASSET,LJ-8055,,,2026-07-12 10:48:42
ll-1782 isuzu gigia,LL-1782 ISUZU GIGIA,ASSET,LL-1782 ISUZU GIGIA,,,2026-07-12 10:48:42
lo-4824 (tata 1618),LO-4824 (TATA 1618),ASSET,LO-4824 (TATA 1618),,,2026-07-12 10:48:42
rs-0483 adx,RS-0483 ADX,ASSET,RS-0483 ADX,,,2026-07-12 10:48:42
rs-0483 jcb 3dx,RS-0483 JCB 3DX,ASSET,RS-0483 JCB 3DX,,,2026-07-12 10:48:42
68-5115 isuzu diesel bowser,68-5115 Isuzu Diesel Bowser,ASSET,68-5115 Isuzu Diesel Bowser,,,2026-07-12 10:48:42
68-5115 workshop,68-5115 workshop,ASSET,68-5115 workshop,,,2026-07-12 10:48:42
68-5115 diesel booster,68-5115 Diesel Booster,ASSET,68-5115 Diesel Booster,,,2026-07-12 10:48:42
68-5115 isuzu diegel bowser,68-5115 Isuzu Diegel Bowser,ASSET,68-5115 Isuzu Diegel Bowser,,,2026-07-12 10:48:42
za-6395 truck,ZA-6395 Truck,ASSET,ZA-6395 Truck,,,2026-07-12 10:48:42
za-6395 truck mizer leyland,ZA-6395 Truck mizer Leyland,ASSET,ZA-6395 Truck mizer Leyland,,,2026-07-12 10:48:42
dah-2228 bolero single calp,DAH-2228 Bolero single calp,ASSET,DAH-2228 Bolero single calp,,,2026-07-12 10:48:42
pv-6889 tata 207,PV-6889 TATA 207,ASSET,PV-6889 TATA 207,,,2026-07-12 10:48:42
51-7158 lite ace van,51-7158 Lite Ace Van,ASSET,51-7158 Lite Ace Van,,,2026-07-12 10:48:42
pv-6558,PV-6558,ASSET,PV-6558,,,2026-07-12 10:48:42
lo-7855,LO-7855,ASSET,LO-7855,,,2026-07-12 10:48:42
vr-68,VR-68,ASSET,VR-68,,,2026-07-12 10:48:42
lm-6653,LM-6653,ASSET,LM-6653,,,2026-07-12 10:48:42
lo-7855 isuzu boom truck,Lo-7855 Isuzu Boom Truck,ASSET,Lo-7855 Isuzu Boom Truck,,,2026-07-12 10:48:42
41-1130 diesel bowser,41-1130 Diesel Bowser,ASSET,41-1130 Diesel Bowser,,,2026-07-12 10:48:42
ln-9046 / zb-1547,LN-9046 / ZB-1547,ASSET,LN-9046 / ZB-1547,,,2026-07-12 10:48:42
dah-2238,DAH-2238,ASSET,DAH-2238,,,2026-07-12 10:48:42
ge-126,GE-126,ASSET,GE-126,,,2026-07-12 10:48:42
li-7620,LI-7620,ASSET,LI-7620,,,2026-07-12 10:48:42
lt-1614,LT-1614,ASSET,LT-1614,,,2026-07-12 10:48:42
gx-390 asphalt cutter motor,GX-390 Asphalt Cutter motor,ASSET,GX-390 Asphalt Cutter motor,,,2026-07-12 10:48:42
karture service boy,Karture Service Boy,DEPT,,,,2026-07-12 10:48:42
robin-japan (asphalt cutter),Robin-Japan (Asphalt Cutter),DEPT,,,,2026-07-12 10:48:42
hex-27,HEX-27,ASSET,HEX-27,,,2026-07-12 10:48:42
le-0434,LE-0434,ASSET,LE-0434,,,2026-07-12 10:48:42
-,-,DEPT,,,,2026-07-12 10:48:42
pa-4193 toyota hilux cab,PA-4193 Toyota Hilux Cab,ASSET,PA-4193 Toyota Hilux Cab,,,2026-07-12 10:48:42
lo-5985 tata 1615,Lo-5985 TATA 1615,ASSET,Lo-5985 TATA 1615,,,2026-07-12 10:48:42
41-1130 isuzu elf bowser,41-1130 Isuzu ELF Bowser,ASSET,41-1130 Isuzu ELF Bowser,,,2026-07-12 10:48:42
hex-23 kobelco sk200-8 excavator,HEX-23 Kobelco SK200-8 Excavator,ASSET,HEX-23 Kobelco SK200-8 Excavator,,,2026-07-12 10:48:42
lp-1568 tata 1615,LP-1568 TATA 1615,ASSET,LP-1568 TATA 1615,,,2026-07-12 10:48:42
ge-62,GE-62,ASSET,GE-62,,,2026-07-12 10:48:42
lp-1710,LP-1710,ASSET,LP-1710,,,2026-07-12 10:48:42
mechanic dinesh,Mechanic Dinesh,DEPT,,,,2026-07-12 10:48:42
pa-4879 crew cab,PA-4879 Crew Cab,ASSET,PA-4879 Crew Cab,,,2026-07-12 10:48:42
bdi-8556,BDI-8556,ASSET,BDI-8556,,,2026-07-12 10:48:42
saman,Saman,DEPT,,,,2026-07-12 10:48:42
saman mechanic requirement,Saman Mechanic requirement,DEPT,,,,2026-07-12 10:48:42
ld-08 wheel loader shantui,LD-08 Wheel Loader Shantui,ASSET,LD-08 Wheel Loader Shantui,,,2026-07-12 10:48:42
l0-05 loader komatsu,L0-05 Loader Komatsu,ASSET,L0-05 Loader Komatsu,,,2026-07-12 10:48:42
leyland comet (ab-4549 / rc-9984 / lb-9996),Leyland Comet (AB-4549 / RC-9984 / LB-9996),ASSET,Leyland Comet (AB-4549 / RC-9984 / LB-9996),,,2026-07-12 10:48:42
lo-4823,LO-4823,ASSET,LO-4823,,,2026-07-12 10:48:42
engine room,Engine room,DEPT,,,,2026-07-12 10:48:42
gl-0019 renault 340,GL-0019 Renault 340,ASSET,GL-0019 Renault 340,,,2026-07-12 10:48:42
gl-0019 renault 360,GL-0019 Renault 360,ASSET,GL-0019 Renault 360,,,2026-07-12 10:48:42
electric room badalgama workshop,Electric room Badalgama workshop,DEPT,,,,2026-07-12 10:48:42
tb-01,TB-01,ASSET,TB-01,,,2026-07-12 10:48:42
lc-0431,LC-0431,ASSET,LC-0431,,,2026-07-12 10:48:42
zb-1496,ZB-1496,ASSET,ZB-1496,,,2026-07-12 10:48:42
zb-1496 (sany dump car),ZB-1496 (SANY Dump car),ASSET,ZB-1496 (SANY Dump car),,,2026-07-12 10:48:42
hex-01 volvo ec-210b,HEX-01 Volvo EC-210B,ASSET,HEX-01 Volvo EC-210B,,,2026-07-12 10:48:42
ld-08 (shantui sl50),LD-08 (Shantui SL50),ASSET,LD-08 (Shantui SL50),,,2026-07-12 10:48:42
hex-17 (hyundai robex),HEX-17 (Hyundai Robex),ASSET,HEX-17 (Hyundai Robex),,,2026-07-12 10:48:42
single phase motor,Single Phase Motor,DEPT,,,,2026-07-12 10:48:42
workshop/office badalgama,Workshop/Office Badalgama,DEPT,,,,2026-07-12 10:48:42
41-1130 (isuzu elf),41-1130 (Isuzu Elf),ASSET,41-1130 (Isuzu Elf),,,2026-07-12 10:48:42
ld-08 (tata),LD-08 (TATA),ASSET,LD-08 (TATA),,,2026-07-12 10:48:42
pa-6399 (toyota 3l),PA-6399 (Toyota 3L),ASSET,PA-6399 (Toyota 3L),,,2026-07-12 10:48:42
ly-4524 (renault premium 460),Ly-4524 (Renault Premium 460),ASSET,Ly-4524 (Renault Premium 460),,,2026-07-12 10:48:42
48-8072(tata 1210 / 697d engine),48-8072(TATA 1210 / 697D Engine),ASSET,48-8072(TATA 1210 / 697D Engine),,,2026-07-12 10:48:42
pj-6376 (jmc crew cab),PJ-6376 (JMC Crew Cab),ASSET,PJ-6376 (JMC Crew Cab),,,2026-07-12 10:48:42
hex-23 (kobelco sk200),HEX-23 (Kobelco SK200),ASSET,HEX-23 (Kobelco SK200),,,2026-07-12 10:48:42
office / stores,Office / Stores,DEPT,,,,2026-07-12 10:48:42
vr-65,VR-65,ASSET,VR-65,,,2026-07-12 10:48:42
hex-23 (kobelco sk200 excavator),HEX-23 (Kobelco SK200 Excavator),ASSET,HEX-23 (Kobelco SK200 Excavator),,,2026-07-12 10:48:42
pa-4879 (toyota crew cab),PA-4879 (Toyota crew cab),ASSET,PA-4879 (Toyota crew cab),,,2026-07-12 10:48:42
hex-41 (long arm excavator),HEX-41 (Long Arm Excavator),ASSET,HEX-41 (Long Arm Excavator),,,2026-07-12 10:48:42
za-6069,ZA-6069,ASSET,ZA-6069,,,2026-07-12 10:48:42
hex-40 (sany excavator),HEX-40 (Sany Excavator),ASSET,HEX-40 (Sany Excavator),,,2026-07-12 10:48:42
ph-6744 (jmc crew cab),PH-6744 (JMC crew cab),ASSET,PH-6744 (JMC crew cab),,,2026-07-12 10:48:42
li-3851 (tata 1615),LI-3851 (TATA 1615),ASSET,LI-3851 (TATA 1615),,,2026-07-12 10:48:42
lp-1578,LP-1578,ASSET,LP-1578,,,2026-07-12 10:48:42
lp-1578 (tata 1618),LP-1578 (TATA 1618),ASSET,LP-1578 (TATA 1618),,,2026-07-12 10:48:42
pa-4193 (toyota hilux),PA-4193 (Toyota Hilux),ASSET,PA-4193 (Toyota Hilux),,,2026-07-12 10:48:42
hex-41 (hyundai excavator),HEX-41 (Hyundai Excavator),ASSET,HEX-41 (Hyundai Excavator),,,2026-07-12 10:48:42
sl-14 (skid loader 450),SL-14 (Skid loader 450),ASSET,SL-14 (Skid loader 450),,,2026-07-12 10:48:42
mg-15 (motor grader),MG-15 (Motor Grader),ASSET,MG-15 (Motor Grader),,,2026-07-12 10:48:42
za-8033 (ep/03 truck mixer),ZA-8033 (EP/03 Truck Mixer),ASSET,ZA-8033 (EP/03 Truck Mixer),,,2026-07-12 10:48:42
pa-4879 (toyota 5l crew cab),PA-4879 (Toyota 5L Crew Cab),ASSET,PA-4879 (Toyota 5L Crew Cab),,,2026-07-12 10:48:42
ld-8072 (tata 1210),LD-8072 (TATA 1210),ASSET,LD-8072 (TATA 1210),,,2026-07-12 10:48:42
ly-5120 (leyland),LY-5120 (Leyland),ASSET,LY-5120 (Leyland),,,2026-07-12 10:48:42
electric motor,Electric Motor,DEPT,,,,2026-07-12 10:48:42
lm-7949 (tata 9013),LM-7949 (TATA 9013),ASSET,LM-7949 (TATA 9013),,,2026-07-12 10:48:42
pv-6889 (tata 207),PV-6889 (TATA 207),ASSET,PV-6889 (TATA 207),,,2026-07-12 10:48:42
pa-4879 battery,PA-4879 Battery,ASSET,PA-4879 Battery,,,2026-07-12 10:48:42
pa-4879 toyota crew cab,PA-4879 Toyota Crew Cab,ASSET,PA-4879 Toyota Crew Cab,,,2026-07-12 10:48:42
w/s (stores),w/s (Stores),DEPT,,,,2026-07-12 10:48:42
pj-6376 (crew cab 310),PJ-6376 (Crew Cab 310),ASSET,PJ-6376 (Crew Cab 310),,,2026-07-12 10:48:42
41-1130 (isuzu diesel bowser),41-1130 (Isuzu Diesel Bowser),ASSET,41-1130 (Isuzu Diesel Bowser),,,2026-07-12 10:48:42
ph-3645,PH-3645,ASSET,PH-3645,,,2026-07-12 10:48:42
lh-4057 (leyland 1613),LH-4057 (Leyland 1613),ASSET,LH-4057 (Leyland 1613),,,2026-07-12 10:48:42
lc-0434 (tata 1613),LC-0434 (TATA 1613),ASSET,LC-0434 (TATA 1613),,,2026-07-12 10:48:42
petrol engine paint,Petrol Engine Paint,DEPT,,,,2026-07-12 10:48:42
pa-4879 budalgar,PA-4879 Budalgar,ASSET,PA-4879 Budalgar,,,2026-07-12 10:48:42
electrical compressure,Electrical Compressure,DEPT,,,,2026-07-12 10:48:42
za-8445,ZA-8445,ASSET,ZA-8445,,,2026-07-12 10:48:42
main stores,Main Stores,DEPT,,,,2026-07-12 10:48:42
ac-38,AC-38,ASSET,AC-38,,,2026-07-12 10:48:42
li-4058,LI-4058,ASSET,LI-4058,,,2026-07-12 10:48:42
pr-1569,PR-1569,ASSET,PR-1569,,,2026-07-12 10:48:42
workshop office,Workshop Office,DEPT,,,,2026-07-12 10:48:42
hex-28,HEX-28,ASSET,HEX-28,,,2026-07-12 10:48:42
electric alcomputer electric room,Electric Alcomputer Electric room,DEPT,,,,2026-07-12 10:48:42
electric room,Electric Room,DEPT,,,,2026-07-12 10:48:42
51-7158 van,51-7158 Van,ASSET,51-7158 Van,,,2026-07-12 10:48:42
lo-5981,LO-5981,ASSET,LO-5981,,,2026-07-12 10:48:42
lx-1045,LX-1045,ASSET,LX-1045,,,2026-07-12 10:48:42
lm-7949 tata 1615,LM-7949 TATA 1615,ASSET,LM-7949 TATA 1615,,,2026-07-12 10:48:42
ln-9046 eicher tipper,LN-9046 Eicher Tipper,ASSET,LN-9046 Eicher Tipper,,,2026-07-12 10:48:42
hex-40,HEX-40,ASSET,HEX-40,,,2026-07-12 10:48:42
stores / office / engine room,Stores / Office / Engine Room,DEPT,,,,2026-07-12 10:48:42
za-1469,ZA-1469,ASSET,ZA-1469,,,2026-07-12 10:48:42
lathe machine,Lathe Machine,DEPT,,,,2026-07-12 10:48:42
work shop,Work Shop,DEPT,,,,2026-07-12 10:48:42
lo-05,LO-05,ASSET,LO-05,,,2026-07-12 10:48:42
51-8053,51-8053,ASSET,51-8053,,,2026-07-12 10:48:42
hex-27 hyundai 290 excavator,HEX-27 Hyundai 290 Excavator,ASSET,HEX-27 Hyundai 290 Excavator,,,2026-07-12 10:48:42
pa-6889,PA-6889,ASSET,PA-6889,,,2026-07-12 10:48:42
lp-1579 / lp-1581,LP-1579 / LP-1581,ASSET,LP-1579 / LP-1581,,,2026-07-12 10:48:42
hd-05,HD-05,ASSET,HD-05,,,2026-07-12 10:48:42
vr-12 5t bomag roller,VR-12 5T Bomag Roller,ASSET,VR-12 5T Bomag Roller,,,2026-07-12 10:48:42
lo-7655,LO-7655,ASSET,LO-7655,,,2026-07-12 10:48:42
sr-09,SR-09,ASSET,SR-09,,,2026-07-12 10:48:42
w/s stores,W/S Stores,DEPT,,,,2026-07-12 10:48:42
diesel bowser,Diesel Bowser,DEPT,,,,2026-07-12 10:48:42
hex-36 bobcat e55w,HEX-36 Bobcat E55W,ASSET,HEX-36 Bobcat E55W,,,2026-07-12 10:48:42
ap-09,AP-09,ASSET,AP-09,,,2026-07-12 10:48:42
light plant port city,Light Plant Port City,DEPT,,,,2026-07-12 10:48:42
light plant,Light Plant,DEPT,,,,2026-07-12 10:48:42
41-1190,41-1190,ASSET,41-1190,,,2026-07-12 10:48:42
dah-2491,DAH-2491,ASSET,DAH-2491,,,2026-07-12 10:48:42
dah-2491 yodha,DAH-2491 Yodha,ASSET,DAH-2491 Yodha,,,2026-07-12 10:48:42
dah-2491 tata xenon,DAH-2491 TATA Xenon,ASSET,DAH-2491 TATA Xenon,,,2026-07-12 10:48:42
lk-4059,LK-4059,ASSET,LK-4059,,,2026-07-12 10:48:42
lh-4059,LH-4059,ASSET,LH-4059,,,2026-07-12 10:48:42
ld-08 shantui loader,LD-08 Shantui Loader,ASSET,LD-08 Shantui Loader,,,2026-07-12 10:48:42
cep/3,CEP/3,ASSET,CEP/3,,,2026-07-12 10:48:42
fl-3 forklift,FL-3 Forklift,ASSET,FL-3 Forklift,,,2026-07-12 10:48:42
tinkering shop,Tinkering Shop,DEPT,,,,2026-07-12 10:48:42
lo-4854,LO-4854,ASSET,LO-4854,,,2026-07-12 10:48:42
ld-03,LD-03,ASSET,LD-03,,,2026-07-12 10:48:42
za-2583,ZA-2583,ASSET,ZA-2583,,,2026-07-12 10:48:42
lo-5783,LO-5783,ASSET,LO-5783,,,2026-07-12 10:48:42
lo-5983,LO-5983,ASSET,LO-5983,,,2026-07-12 10:48:42
lb-01/2a-2609,LB-01/2A-2609,ASSET,LB-01/2A-2609,,,2026-07-12 10:48:42
lb-01 / za-2689,LB-01 / ZA-2689,ASSET,LB-01 / ZA-2689,,,2026-07-12 10:48:42
jcb,JCB,DEPT,,,,2026-07-12 10:48:42
vr-14,VR-14,ASSET,VR-14,,,2026-07-12 10:48:42
sr-14,SR-14,ASSET,SR-14,,,2026-07-12 10:48:42
ap-08 volvo paver,AP-08 Volvo Paver,ASSET,AP-08 Volvo Paver,,,2026-07-12 10:48:42
51-7158 lite ace,51-7158 Lite Ace,ASSET,51-7158 Lite Ace,,,2026-07-12 10:48:42
pa-4879 (crew cab),PA-4879 (crew cab),ASSET,PA-4879 (crew cab),,,2026-07-12 10:48:42
pneumatic roller,Pneumatic Roller,DEPT,,,,2026-07-12 10:48:42
asphalt plant,Asphalt Plant,DEPT,,,,2026-07-12 10:48:42
za-2609,ZA-2609,ASSET,ZA-2609,,,2026-07-12 10:48:42
lb-01 3dx jcb,LB-01 3DX JCB,ASSET,LB-01 3DX JCB,,,2026-07-12 10:48:42
lk-5048,LK-5048,ASSET,LK-5048,,,2026-07-12 10:48:42
l0-5981 tata 1619,L0-5981 TATA 1619,ASSET,L0-5981 TATA 1619,,,2026-07-12 10:48:42
11-7701 tata 1615,11-7701 TATA 1615,ASSET,11-7701 TATA 1615,,,2026-07-12 10:48:42
14e-4986 eicher,14E-4986 Eicher,ASSET,14E-4986 Eicher,,,2026-07-12 10:48:42
10-5981 tata 1615c,10-5981 TATA 1615c,ASSET,10-5981 TATA 1615c,,,2026-07-12 10:48:42
la-9908 tata bowser,LA-9908 TATA Bowser,ASSET,LA-9908 TATA Bowser,,,2026-07-12 10:48:42
bie-8576 motor bike,BIE-8576 Motor Bike,ASSET,BIE-8576 Motor Bike,,,2026-07-12 10:48:42
ap-09 asphalt paver,AP-09 Asphalt Paver,ASSET,AP-09 Asphalt Paver,,,2026-07-12 10:48:42
smg-01 pile drive machine,SMG-01 Pile Drive machine,ASSET,SMG-01 Pile Drive machine,,,2026-07-12 10:48:42
mg-03 komatsu motor grader,MG-03 Komatsu Motor Grader,ASSET,MG-03 Komatsu Motor Grader,,,2026-07-12 10:48:42
oil room door repair,Oil Room Door Repair,DEPT,,,,2026-07-12 10:48:42
hex-18 hitachi excavator,HEX-18 Hitachi Excavator,ASSET,HEX-18 Hitachi Excavator,,,2026-07-12 10:48:42
lk-5048 mitsubishi fuso,LK-5048 Mitsubishi Fuso,ASSET,LK-5048 Mitsubishi Fuso,,,2026-07-12 10:48:42
toyota crew cab 325-3449,Toyota Crew Cab 325-3449,ASSET,Toyota Crew Cab 325-3449,,,2026-07-12 10:48:42
air compressor,Air Compressor,DEPT,,,,2026-07-12 10:48:42
badalgama,Badalgama,DEPT,,,,2026-07-12 10:48:42
isuzu forward lk-5047,ISUZU Forward LK-5047,ASSET,ISUZU Forward LK-5047,,,2026-07-12 10:48:42
ld-05 shantui sl50,LD-05 Shantui SL50,ASSET,LD-05 Shantui SL50,,,2026-07-12 10:48:42
ic-0424 / lk-5041 / lm-572,IC-0424 / LK-5041 / LM-572,ASSET,IC-0424 / LK-5041 / LM-572,,,2026-07-12 10:48:42
li-3396,LI-3396,ASSET,LI-3396,,,2026-07-12 10:48:42
lj-3396 eicher bowser,LJ-3396 Eicher Bowser,ASSET,LJ-3396 Eicher Bowser,,,2026-07-12 10:48:42
gx-390 asphalt cutter,GX-390 Asphalt Cutter,ASSET,GX-390 Asphalt Cutter,,,2026-07-12 10:48:42
tata 1615 (10-8350),TATA 1615 (10-8350),ASSET,TATA 1615 (10-8350),,,2026-07-12 10:48:42
za-8611 truck mixer,ZA-8611 Truck Mixer,ASSET,ZA-8611 Truck Mixer,,,2026-07-12 10:48:42
battery tester,Battery Tester,DEPT,,,,2026-07-12 10:48:42
first aid box,First Aid Box,DEPT,,,,2026-07-12 10:48:42
lm-7948,LM-7948,ASSET,LM-7948,,,2026-07-12 10:48:42
truck cep-03,Truck CEP-03,ASSET,Truck CEP-03,,,2026-07-12 10:48:42
lo-7183 1615,LO-7183 1615,ASSET,LO-7183 1615,,,2026-07-12 10:48:42
hex-36 (ruwanwella),HEX-36 (Ruwanwella),ASSET,HEX-36 (Ruwanwella),,,2026-07-12 10:48:42
ld-8875 (marawila),LD-8875 (Marawila),ASSET,LD-8875 (Marawila),,,2026-07-12 10:48:42
lk-6740 tata 407,LK-6740 TATA 407,ASSET,LK-6740 TATA 407,,,2026-07-12 10:48:42
za-8337,ZA-8337,ASSET,ZA-8337,,,2026-07-12 10:48:42
lo-7184,LO-7184,ASSET,LO-7184,,,2026-07-12 10:48:42
lo-7181,LO-7181,ASSET,LO-7181,,,2026-07-12 10:48:42
hex-18 excavator,HEX-18 Excavator,ASSET,HEX-18 Excavator,,,2026-07-12 10:48:42
ld-4822 tata 1615,LD-4822 TATA 1615,ASSET,LD-4822 TATA 1615,,,2026-07-12 10:48:42
badalgama workshop,Badalgama Workshop,DEPT,,,,2026-07-12 10:48:42
28-0434,28-0434,ASSET,28-0434,,,2026-07-12 10:48:42
katana,Katana,DEPT,,,,2026-07-12 10:48:42
rd-3537 mahindra 575,RD-3537 Mahindra 575,ASSET,RD-3537 Mahindra 575,,,2026-07-12 10:48:42
ax720le / as-40,AX720LE / AS-40,ASSET,AX720LE / AS-40,,,2026-07-12 10:48:42
lk-4057 leyland,LK-4057 Leyland,ASSET,LK-4057 Leyland,,,2026-07-12 10:48:42
layland cargo 325-5120,Layland cargo 325-5120,ASSET,Layland cargo 325-5120,,,2026-07-12 10:48:42
ly-4524 (badalgama),LY-4524 (Badalgama),ASSET,LY-4524 (Badalgama),,,2026-07-12 10:48:42
20-2609,20-2609,ASSET,20-2609,,,2026-07-12 10:48:42
hex-43 excavator case,HEX-43 Excavator Case,ASSET,HEX-43 Excavator Case,,,2026-07-12 10:48:42
sr-13 dynapac roller,SR-13 DYNAPAC ROLLER,ASSET,SR-13 DYNAPAC ROLLER,,,2026-07-12 10:48:42
ln-8779 pneumatic hose,LN-8779 Pneumatic Hose,ASSET,LN-8779 Pneumatic Hose,,,2026-07-12 10:48:42
lo-8348 tata 1615,LO-8348 TATA 1615,ASSET,LO-8348 TATA 1615,,,2026-07-12 10:48:42
ra-3051,RA-3051,ASSET,RA-3051,,,2026-07-12 10:48:42
326-3448 crew cab (cep/3),326-3448 Crew cab (CEP/3),ASSET,326-3448 Crew cab (CEP/3),,,2026-07-12 10:48:42
pi-3982,PI-3982,ASSET,PI-3982,,,2026-07-12 10:48:42
pj-3982 toyota hilux,PJ-3982 Toyota Hilux,ASSET,PJ-3982 Toyota Hilux,,,2026-07-12 10:48:42
lc-6767 (tcdp lot),LC-6767 (TCDP LOT),ASSET,LC-6767 (TCDP LOT),,,2026-07-12 10:48:42
ge-03 asphalt plant generator,GE-03 Asphalt plant Generator,ASSET,GE-03 Asphalt plant Generator,,,2026-07-12 10:48:42
51-8083 cep/3,51-8083 CEP/3,ASSET,51-8083 CEP/3,,,2026-07-12 10:48:42
ld-08 wheel loader (badalgama),LD-08 Wheel Loader (Badalgama),ASSET,LD-08 Wheel Loader (Badalgama),,,2026-07-12 10:48:42
tinker shop (badalgama),Tinker shop (Badalgama),DEPT,,,,2026-07-12 10:48:42
lj-3396 / am-5721 tata 1615,LJ-3396 / AM-5721 TATA 1615,ASSET,LJ-3396 / AM-5721 TATA 1615,,,2026-07-12 10:48:43
service bay (karcher),Service Bay (Karcher),DEPT,,,,2026-07-12 10:48:43
hex-23 kobelco excavator,HEX-23 Kobelco Excavator,ASSET,HEX-23 Kobelco Excavator,,,2026-07-12 10:48:43
hex-46,HEX-46,ASSET,HEX-46,,,2026-07-12 10:48:43
"pump car (zb-1496, wadakada)","Pump Car (ZB-1496, Wadakada)",ASSET,"Pump Car (ZB-1496, Wadakada)",,,2026-07-12 10:48:43
sr-11 (kilinochchi),SR-11 (Kilinochchi),ASSET,SR-11 (Kilinochchi),,,2026-07-12 10:48:43
soming,Soming,DEPT,,,,2026-07-12 10:48:43
hammer driver (pile hammer),Hammer Driver (Pile Hammer),DEPT,,,,2026-07-12 10:48:43
hyundai he-37 (mallewagedara),Hyundai HE-37 (Mallewagedara),ASSET,Hyundai HE-37 (Mallewagedara),,,2026-07-12 10:48:43
air compressor (badalgama),Air compressor (Badalgama),DEPT,,,,2026-07-12 10:48:43
sr-13 (kilinochchi),SR-13 (Kilinochchi),ASSET,SR-13 (Kilinochchi),,,2026-07-12 10:48:43
stores / electric room,Stores / Electric Room,DEPT,,,,2026-07-12 10:48:43
ln-6978,LN-6978,ASSET,LN-6978,,,2026-07-12 10:48:43
ap-08 asphalt plant,AP-08 Asphalt Plant,ASSET,AP-08 Asphalt Plant,,,2026-07-12 10:48:43
ln-6050 eicher (batticaloa),LN-6050 Eicher (Batticaloa),ASSET,LN-6050 Eicher (Batticaloa),,,2026-07-12 10:48:43
za-1979 / za-2964 / za-7966,ZA-1979 / ZA-2964 / ZA-7966,ASSET,ZA-1979 / ZA-2964 / ZA-7966,,,2026-07-12 10:48:43
pa-6399 auto beer,PA-6399 Auto Beer,ASSET,PA-6399 Auto Beer,,,2026-07-12 10:48:43
pa-6399 auto box repair,PA-6399 Auto Box Repair,ASSET,PA-6399 Auto Box Repair,,,2026-07-12 10:48:43
325-3449 crew cab (cep/03),325-3449 Crew Cab (CEP/03),ASSET,325-3449 Crew Cab (CEP/03),,,2026-07-12 10:48:43
drill machine (tinker shop),Drill Machine (Tinker shop),DEPT,,,,2026-07-12 10:48:43
tm-12 / tm-17,TM-12 / TM-17,ASSET,TM-12 / TM-17,,,2026-07-12 10:48:43
lo-7164,LO-7164,ASSET,LO-7164,,,2026-07-12 10:48:43
01st aard box,01st Aard Box,ASSET,01st Aard Box,,,2026-07-12 10:48:43
za-6068 jcb (batticoloa),ZA-6068 JCB (Batticoloa),ASSET,ZA-6068 JCB (Batticoloa),,,2026-07-12 10:48:43
hs-1794,HS-1794,ASSET,HS-1794,,,2026-07-12 10:48:43
zb-1469,ZB-1469,ASSET,ZB-1469,,,2026-07-12 10:48:43
table-workshop painting,Table-workshop painting,DEPT,,,,2026-07-12 10:48:43
engine room electric compressor,Engine Room ELectric Compressor,DEPT,,,,2026-07-12 10:48:43
hex-28 rewannila,HEX-28 Rewannila,ASSET,HEX-28 Rewannila,,,2026-07-12 10:48:43
hg-4849,HG-4849,ASSET,HG-4849,,,2026-07-12 10:48:43
stores 1000.00,Stores 1000.00,ASSET,Stores 1000.00,,,2026-07-12 10:48:43
ge-3a cep/3,GE-3A CEP/3,ASSET,GE-3A CEP/3,,,2026-07-12 10:48:43
cm-33,CM-33,ASSET,CM-33,,,2026-07-12 10:48:43
cep-03,CEP-03,ASSET,CEP-03,,,2026-07-12 10:48:43
toyota dyana,Toyota Dyana,DEPT,,,,2026-07-12 10:48:43
lathe shop grinder machine,Lathe shop Grinder Machine,DEPT,,,,2026-07-12 10:48:43
da-4879,DA-4879,ASSET,DA-4879,,,2026-07-12 10:48:43
hex-27 long arum excavator,HEX-27 Long Arum Excavator,ASSET,HEX-27 Long Arum Excavator,,,2026-07-12 10:48:43
ap-08,AP-08,ASSET,AP-08,,,2026-07-12 10:48:43
ld-8 bg,LD-8 BG,ASSET,LD-8 BG,,,2026-07-12 10:48:43
ap-8,AP-8,ASSET,AP-8,,,2026-07-12 10:48:43
vr-44,VR-44,ASSET,VR-44,,,2026-07-12 10:48:43
lathe machine bar cutter,Lathe Machine Bar cutter,DEPT,,,,2026-07-12 10:48:43
sl-10,SL-10,ASSET,SL-10,,,2026-07-12 10:48:43
accommodation,Accommodation,DEPT,,,,2026-07-12 10:48:43
engine room (workshop),Engine room (workshop),DEPT,,,,2026-07-12 10:48:43
service pressure washer,Service Pressure Washer,DEPT,,,,2026-07-12 10:48:43
hex-22,HEX-22,ASSET,HEX-22,,,2026-07-12 10:48:43
lb-22,LB-22,ASSET,LB-22,,,2026-07-12 10:48:43
mg-03,MG-03,ASSET,MG-03,,,2026-07-12 10:48:43
czp-03,CZP-03,ASSET,CZP-03,,,2026-07-12 10:48:43
sr-19,SR-19,ASSET,SR-19,,,2026-07-12 10:48:43
lo-5985,LO-5985,ASSET,LO-5985,,,2026-07-12 10:48:43
st-14,ST-14,ASSET,ST-14,,,2026-07-12 10:48:43
cep-03 wadakada machanic,CEP-03 Wadakada Machanic,ASSET,CEP-03 Wadakada Machanic,,,2026-07-12 10:48:43
vr-71,VR-71,ASSET,VR-71,,,2026-07-12 10:48:43
dah-2230 / dah-2228,DAH-2230 / DAH-2228,ASSET,DAH-2230 / DAH-2228,,,2026-07-12 10:48:43
stores / lathe,Stores / Lathe,DEPT,,,,2026-07-12 10:48:43
ap-05,AP-05,ASSET,AP-05,,,2026-07-12 10:48:43
pa-4193 helium d/cab h10,PA-4193 Helium D/cab H10,ASSET,PA-4193 Helium D/cab H10,,,2026-07-12 10:48:43
pr-1469,PR-1469,ASSET,PR-1469,,,2026-07-12 10:48:43
lp-1712,LP-1712,ASSET,LP-1712,,,2026-07-12 10:48:43
water presure machine,Water Presure Machine,DEPT,,,,2026-07-12 10:48:43
tractor (mundalama site),Tractor (Mundalama Site),DEPT,,,,2026-07-12 10:48:43
cep/3 ge-01,CEP/3 GE-01,ASSET,CEP/3 GE-01,,,2026-07-12 10:48:43
pr-1504,PR-1504,ASSET,PR-1504,,,2026-07-12 10:48:43
"toyota 1kd, 2kd hilux d/car","Toyota 1KD, 2KD Hilux D/car",ASSET,"Toyota 1KD, 2KD Hilux D/car",,,2026-07-12 10:48:43
smg-1 / smg-2,SMG-1 / SMG-2,ASSET,SMG-1 / SMG-2,,,2026-07-12 10:48:43
battery charger,Battery Charger,DEPT,,,,2026-07-12 10:48:43
ge-01,GE-01,ASSET,GE-01,,,2026-07-12 10:48:43
service bay single phase,Service Bay Single Phase,DEPT,,,,2026-07-12 10:48:43
ac-42,AC-42,ASSET,AC-42,,,2026-07-12 10:48:43
sk200-8,SK200-8,ASSET,SK200-8,,,2026-07-12 10:48:43
lathe shop drill machine,Lathe shop Drill Machine,DEPT,,,,2026-07-12 10:48:43
badalgama w/s,Badalgama w/s,DEPT,,,,2026-07-12 10:48:43
asphalt plant (badalgama),Asphalt Plant (Badalgama),DEPT,,,,2026-07-12 10:48:43
protle stores,Protle stores,DEPT,,,,2026-07-12 10:48:43
ld-05 (badalgama),LD-05 (Badalgama),ASSET,LD-05 (Badalgama),,,2026-07-12 10:48:43
mg-05,MG-05,ASSET,MG-05,,,2026-07-12 10:48:43
ge-69,GE-69,ASSET,GE-69,,,2026-07-12 10:48:43
pa-4194,PA-4194,ASSET,PA-4194,,,2026-07-12 10:48:43
stock,Stock,DEPT,,,,2026-07-12 10:48:43
office,Office,DEPT,,,,2026-07-12 10:48:43
stores room,Stores Room,DEPT,,,,2026-07-12 10:48:43
air compressor engine room,Air Compressor Engine Room,DEPT,,,,2026-07-12 10:48:43
stores cleaning,Stores Cleaning,DEPT,,,,2026-07-12 10:48:43
ge-121,GE-121,ASSET,GE-121,,,2026-07-12 10:48:43
ge-106,GE-106,ASSET,GE-106,,,2026-07-12 10:48:43
li-3402,LI-3402,ASSET,LI-3402,,,2026-07-12 10:48:43
li-3401,LI-3401,ASSET,LI-3401,,,2026-07-12 10:48:43
hs-1773,HS-1773,ASSET,HS-1773,,,2026-07-12 10:48:43
"sl-24, sl-25","SL-24, SL-25",ASSET,"SL-24, SL-25",,,2026-07-12 10:48:43
lm-6658,LM-6658,ASSET,LM-6658,,,2026-07-12 10:48:43
ll-0920,LL-0920,ASSET,LL-0920,,,2026-07-12 10:48:43
pt-1571,PT-1571,ASSET,PT-1571,,,2026-07-12 10:48:43
pt-1570,PT-1570,ASSET,PT-1570,,,2026-07-12 10:48:43
badalgama electricien,Badalgama Electricien,DEPT,,,,2026-07-12 10:48:43
workshop painting,Workshop Painting,DEPT,,,,2026-07-12 10:48:43
59-5421 d/cab,59-5421 D/Cab,ASSET,59-5421 D/Cab,,,2026-07-12 10:48:43
service cab-grease gun,Service Cab-Grease Gun,DEPT,,,,2026-07-12 10:48:43
48-4849 boom truck,48-4849 Boom Truck,ASSET,48-4849 Boom Truck,,,2026-07-12 10:48:43
office toner,Office Toner,DEPT,,,,2026-07-12 10:48:43
cr-01 / za-8295,CR-01 / ZA-8295,ASSET,CR-01 / ZA-8295,,,2026-07-12 10:48:43
eh-09/2,EH-09/2,ASSET,EH-09/2,,,2026-07-12 10:48:43
hex-37 hyundai kotagoda 330lc,HEX-37 Hyundai Kotagoda 330LC,ASSET,HEX-37 Hyundai Kotagoda 330LC,,,2026-07-12 10:48:43
battery coad tester,Battery Coad Tester,DEPT,,,,2026-07-12 10:48:43
ll-0920 cep/3,LL-0920 CEP/3,ASSET,LL-0920 CEP/3,,,2026-07-12 10:48:43
lp-1566 tata-1608,LP-1566 TATA-1608,ASSET,LP-1566 TATA-1608,,,2026-07-12 10:48:43
zb-1521 jcb solution,ZB-1521 JCB Solution,ASSET,ZB-1521 JCB Solution,,,2026-07-12 10:48:43
28-4814,28-4814,ASSET,28-4814,,,2026-07-12 10:48:43
ge-82,GE-82,ASSET,GE-82,,,2026-07-12 10:48:43
wadakada,Wadakada,DEPT,,,,2026-07-12 10:48:43
lo-4925,LO-4925,ASSET,LO-4925,,,2026-07-12 10:48:43
zb-0050 tata 2576,ZB-0050 TATA 2576,ASSET,ZB-0050 TATA 2576,,,2026-07-12 10:48:43
machine engine room grinder,Machine Engine Room Grinder,DEPT,,,,2026-07-12 10:48:43
l0-5985 tata,L0-5985 TATA,ASSET,L0-5985 TATA,,,2026-07-12 10:48:43
electric parts cleaning,Electric parts Cleaning,DEPT,,,,2026-07-12 10:48:43
saman mechanic,Saman Mechanic,DEPT,,,,2026-07-12 10:48:43
ruwan mechanic tool box,Ruwan Mechanic Tool Box,DEPT,,,,2026-07-12 10:48:43
lm-8279 hino bed,LM-8279 Hino Bed,ASSET,LM-8279 Hino Bed,,,2026-07-12 10:48:43
za-1968 batticoloa,ZA-1968 Batticoloa,ASSET,ZA-1968 Batticoloa,,,2026-07-12 10:48:43
