asset_code,asset_name,is_equipment,created_at
LO-5981,LO-5981,0,2026-07-12 10:48:40
AC-38,AC-38,0,2026-07-12 10:48:40
GE-82,GE-82,0,2026-07-12 10:48:40
LA-9208,LA-9208,0,2026-07-12 10:48:40
LJ-5559,LJ-5559,0,2026-07-12 10:48:40
EQP-police power generator,police power generator,1,2026-07-12 10:48:40
HU-5097,HU-5097,0,2026-07-12 10:48:40
ZA-2963,ZA-2963,0,2026-07-12 10:48:40
TM-20,TM-20,0,2026-07-12 10:48:40
LK-5041,LK-5041,0,2026-07-12 10:48:40
49-2288,49-2288,0,2026-07-12 10:48:40
PD-6917,PD-6917,0,2026-07-12 10:48:40
LN-1867,LN-1867,0,2026-07-12 10:48:40
ZA-6069,ZA-6069,0,2026-07-12 10:48:40
PA-6398,PA-6398,0,2026-07-12 10:48:40
RA-3051,RA-3051,0,2026-07-12 10:48:40
SL-11,SL-11,0,2026-07-12 10:48:40
AC-32,AC-32,0,2026-07-12 10:48:40
ZA-2964,ZA-2964,0,2026-07-12 10:48:40
ASC-13,ASC-13,0,2026-07-12 10:48:40
48-4849,48-4849,0,2026-07-12 10:48:40
RD-3536,RD-3536,0,2026-07-12 10:48:40
LB-4824,LB-4824,0,2026-07-12 10:48:40
DAH-2491,DAH-2491,0,2026-07-12 10:48:40
LY-4524,LY-4524,0,2026-07-12 10:48:40
HEX-22,HEX-22,0,2026-07-12 10:48:40
LO-7855,LO-7855,0,2026-07-12 10:48:40
PTR-06,PTR-06,0,2026-07-12 10:48:40
SR-04,SR-04,0,2026-07-12 10:48:40
LK-5586,LK-5586,0,2026-07-12 10:48:40
EQP-Bar bender,Bar bender,1,2026-07-12 10:48:40
ZA-8373,ZA-8373,0,2026-07-12 10:48:40
LK-5047,LK-5047,0,2026-07-12 10:48:40
ZA-6255,ZA-6255,0,2026-07-12 10:48:40
SL-03,SL-03,0,2026-07-12 10:48:40
HEX-24,HEX-24,0,2026-07-12 10:48:40
PH-6747,PH-6747,0,2026-07-12 10:48:40
RS-0483,RS-0483,0,2026-07-12 10:48:40
LD-05,LD-05,0,2026-07-12 10:48:40
EQP-3 phase motor,3 phase motor,1,2026-07-12 10:48:40
PA-4193,PA-4193,0,2026-07-12 10:48:40
325-5120,325-5120,0,2026-07-12 10:48:40
ASC-23,ASC-23,0,2026-07-12 10:48:40
LK-4061,LK-4061,0,2026-07-12 10:48:40
AP-08,AP-08,0,2026-07-12 10:48:40
LC-0434,LC-0434,0,2026-07-12 10:48:40
LI-2427,LI-2427,0,2026-07-12 10:48:40
LN-8277,LN-8277,0,2026-07-12 10:48:40
LN-8278,LN-8278,0,2026-07-12 10:48:40
LN-8279,LN-8279,0,2026-07-12 10:48:40
LH-5586,LH-5586,0,2026-07-12 10:48:40
HD-9005,HD-9005,0,2026-07-12 10:48:40
DAH-2231,DAH-2231,0,2026-07-12 10:48:40
PR-1469,PR-1469,0,2026-07-12 10:48:40
ZA-7092,ZA-7092,0,2026-07-12 10:48:40
LD-8875,LD-8875,0,2026-07-12 10:48:40
59-5421,59-5421,0,2026-07-12 10:48:40
BFR-4276,BFR-4276,0,2026-07-12 10:48:40
DAH-2228,DAH-2228,0,2026-07-12 10:48:40
LD-03,LD-03,0,2026-07-12 10:48:40
PA-4879,PA-4879,0,2026-07-12 10:48:40
LO-7181,LO-7181,0,2026-07-12 10:48:40
LP-1578,LP-1578,0,2026-07-12 10:48:40
LP-1582,LP-1582,0,2026-07-12 10:48:40
SL-04,SL-04,0,2026-07-12 10:48:40
LI-3851,LI-3851,0,2026-07-12 10:48:40
LA-1359,LA-1359,0,2026-07-12 10:48:40
LB-02,LB-02,0,2026-07-12 10:48:40
SR-08,SR-08,0,2026-07-12 10:48:40
PD-4739,PD-4739,0,2026-07-12 10:48:40
LL-1782,LL-1782,0,2026-07-12 10:48:40
RS-0748,RS-0748,0,2026-07-12 10:48:40
ZA-7968,ZA-7968,0,2026-07-12 10:48:40
MG-07,MG-07,0,2026-07-12 10:48:40
LK-2366,LK-2366,0,2026-07-12 10:48:40
LM-6653,LM-6653,0,2026-07-12 10:48:40
ZA-7965,ZA-7965,0,2026-07-12 10:48:40
HEX-07,HEX-07,0,2026-07-12 10:48:40
PH-0765,PH-0765,0,2026-07-12 10:48:40
HEX-23,HEX-23,0,2026-07-12 10:48:40
ZA-8511,ZA-8511,0,2026-07-12 10:48:40
HEX-39,HEX-39,0,2026-07-12 10:48:40
VR-52,VR-52,0,2026-07-12 10:48:40
PJ-6376,PJ-6376,0,2026-07-12 10:48:40
40-2955,40-2955,0,2026-07-12 10:48:40
BDI-8556,BDI-8556,0,2026-07-12 10:48:40
TM-17,TM-17,0,2026-07-12 10:48:40
HEX-33,HEX-33,0,2026-07-12 10:48:40
51-7158,51-7158,0,2026-07-12 10:48:40
LK-2276,LK-2276,0,2026-07-12 10:48:40
HEX-19,HEX-19,0,2026-07-12 10:48:40
SL-10,SL-10,0,2026-07-12 10:48:40
SL-12,SL-12,0,2026-07-12 10:48:40
SL-16,SL-16,0,2026-07-12 10:48:40
SL-08,SL-08,0,2026-07-12 10:48:40
LO-7183,LO-7183,0,2026-07-12 10:48:40
PA-6399,PA-6399,0,2026-07-12 10:48:40
GE-145,GE-145,0,2026-07-12 10:48:40
LL-0920,LL-0920,0,2026-07-12 10:48:40
LD-02,LD-02,0,2026-07-12 10:48:40
SR-06,SR-06,0,2026-07-12 10:48:40
RF-0748,RF-0748,0,2026-07-12 10:48:40
LL-0936,LL-0936,0,2026-07-12 10:48:40
EQP-Slasher,Slasher,1,2026-07-12 10:48:40
LD-06,LD-06,0,2026-07-12 10:48:40
HEX-40,HEX-40,0,2026-07-12 10:48:40
LI-3395,LI-3395,0,2026-07-12 10:48:40
ZA-7810,ZA-7810,0,2026-07-12 10:48:40
ZA-8445,ZA-8445,0,2026-07-12 10:48:40
ZA-6068,ZA-6068,0,2026-07-12 10:48:40
RA-3052,RA-3052,0,2026-07-12 10:48:40
ZA-7034,ZA-7034,0,2026-07-12 10:48:40
SR-11,SR-11,0,2026-07-12 10:48:40
SL-06,SL-06,0,2026-07-12 10:48:40
SL-05,SL-05,0,2026-07-12 10:48:40
ZA-7291,ZA-7291,0,2026-07-12 10:48:40
HEX-01,HEX-01,0,2026-07-12 10:48:40
PR-1504,PR-1504,0,2026-07-12 10:48:40
LK-6740,LK-6740,0,2026-07-12 10:48:40
ZA-0447,ZA-0447,0,2026-07-12 10:48:40
PV-6889,PV-6889,0,2026-07-12 10:48:40
XW-9222,XW-9222,0,2026-07-12 10:48:40
ZB-1979,ZB-1979,0,2026-07-12 10:48:40
SL-09,SL-09,0,2026-07-12 10:48:40
MG-05,MG-05,0,2026-07-12 10:48:40
BET-3772,BET-3772,0,2026-07-12 10:48:40
HEX-18,HEX-18,0,2026-07-12 10:48:40
HEX-36,HEX-36,0,2026-07-12 10:48:40
LK-4058,LK-4058,0,2026-07-12 10:48:40
PH-3945,PH-3945,0,2026-07-12 10:48:40
BET-3726,BET-3726,0,2026-07-12 10:48:40
BHT-3482,BHT-3482,0,2026-07-12 10:48:40
XG-6801,XG-6801,0,2026-07-12 10:48:40
BID-8756,BID-8756,0,2026-07-12 10:48:40
PH-6744,PH-6744,0,2026-07-12 10:48:40
325-3448,325-3448,0,2026-07-12 10:48:40
ZA-8395,ZA-8395,0,2026-07-12 10:48:40
RD-6318,RD-6318,0,2026-07-12 10:48:40
SL-13,SL-13,0,2026-07-12 10:48:40
BGG-6941,BGG-6941,0,2026-07-12 10:48:40
BGY-6445,BGY-6445,0,2026-07-12 10:48:40
LO-8349,LO-8349,0,2026-07-12 10:48:40
LP-1574,LP-1574,0,2026-07-12 10:48:40
LP-1712,LP-1712,0,2026-07-12 10:48:40
LO-4824,LO-4824,0,2026-07-12 10:48:40
LK-4056,LK-4056,0,2026-07-12 10:48:40
LO-5986,LO-5986,0,2026-07-12 10:48:40
HEX-04,HEX-04,0,2026-07-12 10:48:40
253-2574,253-2574,0,2026-07-12 10:48:40
LM-5720,LM-5720,0,2026-07-12 10:48:40
47-5112,47-5112,0,2026-07-12 10:48:40
LX-1679,LX-1679,0,2026-07-12 10:48:40
EQP-Heat Machine,Heat Machine,1,2026-07-12 10:48:40
HEX-27,HEX-27,0,2026-07-12 10:48:40
HEX-41,HEX-41,0,2026-07-12 10:48:40
LI-7618,LI-7618,0,2026-07-12 10:48:40
BGG-6942,BGG-6942,0,2026-07-12 10:48:40
PTR-10,PTR-10,0,2026-07-12 10:48:40
DAH-2229,DAH-2229,0,2026-07-12 10:48:40
AC-24,AC-24,0,2026-07-12 10:48:40
LM-5722,LM-5722,0,2026-07-12 10:48:40
MG-04,MG-04,0,2026-07-12 10:48:40
BDJ-2375,BDJ-2375,0,2026-07-12 10:48:40
LM-7948,LM-7948,0,2026-07-12 10:48:40
LO-7184,LO-7184,0,2026-07-12 10:48:40
HEX-21,HEX-21,0,2026-07-12 10:48:40
PY-2408,PY-2408,0,2026-07-12 10:48:40
BIE-8724,BIE-8724,0,2026-07-12 10:48:40
EQP-service bay,service bay,1,2026-07-12 10:48:40
VR-03,VR-03,0,2026-07-12 10:48:40
LM-5721,LM-5721,0,2026-07-12 10:48:40
LB-01,LB-01,0,2026-07-12 10:48:40
LM-2298,LM-2298,0,2026-07-12 10:48:40
PH-6742,PH-6742,0,2026-07-12 10:48:40
CR-02,CR-02,0,2026-07-12 10:48:40
51-8083,51-8083,0,2026-07-12 10:48:40
LO-7182,LO-7182,0,2026-07-12 10:48:40
LP-1569,LP-1569,0,2026-07-12 10:48:40
SL-07,SL-07,0,2026-07-12 10:48:40
LM-5719,LM-5719,0,2026-07-12 10:48:40
57-3062,57-3062,0,2026-07-12 10:48:40
LP-1580,LP-1580,0,2026-07-12 10:48:40
GL-0019,GL-0019,0,2026-07-12 10:48:40
LP-1709,LP-1709,0,2026-07-12 10:48:40
VR-20,VR-20,0,2026-07-12 10:48:40
LM-7701,LM-7701,0,2026-07-12 10:48:40
BGY-6440,BGY-6440,0,2026-07-12 10:48:40
TR-158,TR-158,0,2026-07-12 10:48:40
HEX-17,HEX-17,0,2026-07-12 10:48:40
ZA-8033,ZA-8033,0,2026-07-12 10:48:40
SR-13,SR-13,0,2026-07-12 10:48:40
LI-3405,LI-3405,0,2026-07-12 10:48:40
ZB-0050,ZB-0050,0,2026-07-12 10:48:40
LK-6738,LK-6738,0,2026-07-12 10:48:40
EQP-Fabrication WG,Fabrication WG,1,2026-07-12 10:48:40
LI-7701,LI-7701,0,2026-07-12 10:48:40
LO-4816,LO-4816,0,2026-07-12 10:48:40
LP-1571,LP-1571,0,2026-07-12 10:48:40
LP-1720,LP-1720,0,2026-07-12 10:48:40
BAB-8828,BAB-8828,0,2026-07-12 10:48:40
BAB-8839,BAB-8839,0,2026-07-12 10:48:40
HEX-37,HEX-37,0,2026-07-12 10:48:40
ZA-2609,ZA-2609,0,2026-07-12 10:48:40
LO-9810,LO-9810,0,2026-07-12 10:48:40
ZA-8337,ZA-8337,0,2026-07-12 10:48:40
FL-03,FL-03,0,2026-07-12 10:48:40
LP-1567,LP-1567,0,2026-07-12 10:48:40
PT-1569,PT-1569,0,2026-07-12 10:48:40
ZB-1047,ZB-1047,0,2026-07-12 10:48:40
LP-1576,LP-1576,0,2026-07-12 10:48:40
PTR-08,PTR-08,0,2026-07-12 10:48:40
PTR-01,PTR-01,0,2026-07-12 10:48:40
LM-5723,LM-5723,0,2026-07-12 10:48:40
RD-3537,RD-3537,0,2026-07-12 10:48:40
AP-11,AP-11,0,2026-07-12 10:48:40
AP-09,AP-09,0,2026-07-12 10:48:40
GE-66,GE-66,0,2026-07-12 10:48:40
WQ-9941,WQ-9941,0,2026-07-12 10:48:40
ASC-24,ASC-24,0,2026-07-12 10:48:40
LJ-5203,LJ-5203,0,2026-07-12 10:48:40
PTR-09,PTR-09,0,2026-07-12 10:48:40
LP-1566,LP-1566,0,2026-07-12 10:48:40
MG-10,MG-10,0,2026-07-12 10:48:40
"EQP-2"" water pump","2"" water pump",1,2026-07-12 10:48:40
BIE-8543,BIE-8543,0,2026-07-12 10:48:40
LP-1713,LP-1713,0,2026-07-12 10:48:40
43-3416,43-3416,0,2026-07-12 10:48:40
LO-8348,LO-8348,0,2026-07-12 10:48:40
PTR-04,PTR-04,0,2026-07-12 10:48:40
LA-4229,LA-4229,0,2026-07-12 10:48:40
EQP-tafe tractor,tafe tractor,1,2026-07-12 10:48:40
LM-7951,LM-7951,0,2026-07-12 10:48:40
EQP-Plate compactor,Plate compactor,1,2026-07-12 10:48:40
LO-5985,LO-5985,0,2026-07-12 10:48:40
TR-89/134,TR-89/134,0,2026-07-12 10:48:40
HEX-42,HEX-42,0,2026-07-12 10:48:40
"EQP-sub. 2"" water pump","sub. 2"" water pump",1,2026-07-12 10:48:40
TR-61,TR-61,0,2026-07-12 10:48:40
PX-2180,PX-2180,0,2026-07-12 10:48:40
TR-110,TR-110,0,2026-07-12 10:48:40
LI-7620,LI-7620,0,2026-07-12 10:48:40
DAH-2230,DAH-2230,0,2026-07-12 10:48:40
GE-117/118,GE-117/118,0,2026-07-12 10:48:40
WG-07,WG-07,0,2026-07-12 10:48:40
LT-09/21,LT-09/21,0,2026-07-12 10:48:40
AC-27,AC-27,0,2026-07-12 10:48:40
HEX-43,HEX-43,0,2026-07-12 10:48:40
ZB-1548,ZB-1548,0,2026-07-12 10:48:40
MG-15,MG-15,0,2026-07-12 10:48:40
LY-1614,LY-1614,0,2026-07-12 10:48:40
43-1191,43-1191,0,2026-07-12 10:48:40
LO-4822,LO-4822,0,2026-07-12 10:48:40
LP-1581,LP-1581,0,2026-07-12 10:48:40
LP-1718,LP-1718,0,2026-07-12 10:48:40
MG-14,MG-14,0,2026-07-12 10:48:40
LD-01,LD-01,0,2026-07-12 10:48:40
BDI-8546,BDI-8546,0,2026-07-12 10:48:40
LT-08,LT-08,0,2026-07-12 10:48:40
LI-3401,LI-3401,0,2026-07-12 10:48:40
HO-9850,HO-9850,0,2026-07-12 10:48:40
LX-1045,LX-1045,0,2026-07-12 10:48:40
EQP-plate compactor,plate compactor,1,2026-07-12 10:48:40
HEX-45,HEX-45,0,2026-07-12 10:48:40
LI-3396,LI-3396,0,2026-07-12 10:48:40
GE-83,GE-83,0,2026-07-12 10:48:40
GE-143,GE-143,0,2026-07-12 10:48:40
BID-8738,BID-8738,0,2026-07-12 10:48:40
EQP-Power tools,Power tools,1,2026-07-12 10:48:40
RS-0401,RS-0401,0,2026-07-12 10:48:40
EQP-concrete mixture,concrete mixture,1,2026-07-12 10:48:40
HEX-05,HEX-05,0,2026-07-12 10:48:40
EQP-water pressure pump,water pressure pump,1,2026-07-12 10:48:40
EQP-tractor,tractor,1,2026-07-12 10:48:40
HEX-28,HEX-28,0,2026-07-12 10:48:40
MG-11,MG-11,0,2026-07-12 10:48:40
AC-41,AC-41,0,2026-07-12 10:48:40
EQP-wacker 2nos,wacker 2nos,1,2026-07-12 10:48:40
LN-9046,LN-9046,0,2026-07-12 10:48:40
LK-4057,LK-4057,0,2026-07-12 10:48:40
41-1130,41-1130,0,2026-07-12 10:48:40
VR-49,VR-49,0,2026-07-12 10:48:40
GE-05,GE-05,0,2026-07-12 10:48:40
KS-7684,KS-7684,0,2026-07-12 10:48:40
"EQP-6"" water pump","6"" water pump",1,2026-07-12 10:48:40
AC-23,AC-23,0,2026-07-12 10:48:40
LM-7942,LM-7942,0,2026-07-12 10:48:40
ZB-2586,ZB-2586,0,2026-07-12 10:48:40
40-8060,40-8060,0,2026-07-12 10:48:40
CR-01,CR-01,0,2026-07-12 10:48:40
LBS-01,LBS-01,0,2026-07-12 10:48:40
49-2289,49-2289,0,2026-07-12 10:48:40
LP-1715,LP-1715,0,2026-07-12 10:48:40
LP-1579,LP-1579,0,2026-07-12 10:48:40
EQP-CM,CM,1,2026-07-12 10:48:40
VR-68,VR-68,0,2026-07-12 10:48:40
LO-8350,LO-8350,0,2026-07-12 10:48:40
SL-02,SL-02,0,2026-07-12 10:48:40
LH-5475,LH-5475,0,2026-07-12 10:48:40
MG-06,MG-06,0,2026-07-12 10:48:40
VR-063,VR-063,0,2026-07-12 10:48:40
VR-60,VR-60,0,2026-07-12 10:48:40
EQP-Water pump,Water pump,1,2026-07-12 10:48:40
PC-02,PC-02,0,2026-07-12 10:48:40
LB-24,LB-24,0,2026-07-12 10:48:40
VR-65,VR-65,0,2026-07-12 10:48:40
HS-1794,HS-1794,0,2026-07-12 10:48:40
SR-09,SR-09,0,2026-07-12 10:48:40
PC-01,PC-01,0,2026-07-12 10:48:40
LJ-8055,LJ-8055,0,2026-07-12 10:48:40
AC-37,AC-37,0,2026-07-12 10:48:40
MG-09,MG-09,0,2026-07-12 10:48:40
LO-7180,LO-7180,0,2026-07-12 10:48:40
BIE-8564,BIE-8564,0,2026-07-12 10:48:40
BIE-8582,BIE-8582,0,2026-07-12 10:48:40
ZB-1547,ZB-1547,0,2026-07-12 10:48:40
EQP-Concrete mixer,Concrete mixer,1,2026-07-12 10:48:40
BGY-6446,BGY-6446,0,2026-07-12 10:48:40
HEX-46,HEX-46,0,2026-07-12 10:48:40
AC-07,AC-07,0,2026-07-12 10:48:40
HEX-29,HEX-29,0,2026-07-12 10:48:40
LD-09,LD-09,0,2026-07-12 10:48:40
BGY-6447,BGY-6447,0,2026-07-12 10:48:40
BIE-8576,BIE-8576,0,2026-07-12 10:48:40
BIE-8557,BIE-8557,0,2026-07-12 10:48:40
EQP-Bar cutter,Bar cutter,1,2026-07-12 10:48:40
RC-9894,RC-9894,0,2026-07-12 10:48:40
EQP-1t roller,1t roller,1,2026-07-12 10:48:40
VR-62,VR-62,0,2026-07-12 10:48:40
68-5115,68-5115,0,2026-07-12 10:48:40
PTR-05,PTR-05,0,2026-07-12 10:48:40
SR-10,SR-10,0,2026-07-12 10:48:40
VR-54,VR-54,0,2026-07-12 10:48:40
LB-9496,LB-9496,0,2026-07-12 10:48:40
LO-1059,LO-1059,0,2026-07-12 10:48:40
AC-03,AC-03,0,2026-07-12 10:48:40
LO-4823,LO-4823,0,2026-07-12 10:48:40
ZB-1496,ZB-1496,0,2026-07-12 10:48:40
EQP-4WD bike,4WD bike,1,2026-07-12 10:48:40
LO-4821,LO-4821,0,2026-07-12 10:48:40
TM-13,TM-13,0,2026-07-12 10:48:40
ASC-21,ASC-21,0,2026-07-12 10:48:40
VR-14,VR-14,0,2026-07-12 10:48:40
SR-05,SR-05,0,2026-07-12 10:48:40
LO-5984,LO-5984,0,2026-07-12 10:48:40
28-4314,28-4314,0,2026-07-12 10:48:40
GE-104,GE-104,0,2026-07-12 10:48:40
LD-07,LD-07,0,2026-07-12 10:48:40
MGS-01,MGS-01,0,2026-07-12 10:48:40
LL-0623,LL-0623,0,2026-07-12 10:48:40
ZB-2587,ZB-2587,0,2026-07-12 10:48:40
VR-44,VR-44,0,2026-07-12 10:48:40
SL-25,SL-25,0,2026-07-12 10:48:40
TB-15,TB-15,0,2026-07-12 10:48:40
GE-156,GE-156,0,2026-07-12 10:48:40
LM-7949,LM-7949,0,2026-07-12 10:48:40
VR-61,VR-61,0,2026-07-12 10:48:40
GE-107,GE-107,0,2026-07-12 10:48:40
HEX-26,HEX-26,0,2026-07-12 10:48:40
HEX-42 breaker,HEX-42 breaker,0,2026-07-12 10:48:40
VR-12,VR-12,0,2026-07-12 10:48:40
EQP-Wacker & sub. Pump,Wacker & sub. Pump,1,2026-07-12 10:48:40
LP-1710,LP-1710,0,2026-07-12 10:48:40
water pump- LK-4057,water pump- LK-4057,0,2026-07-12 10:48:40
LK-1679,LK-1679,0,2026-07-12 10:48:40
"PE-30,39,109","PE-30,39,109",0,2026-07-12 10:48:40
PD-7049,PD-7049,0,2026-07-12 10:48:40
EQP-Heat Burner,Heat Burner,1,2026-07-12 10:48:40
SAC-001,SAC-001,0,2026-07-12 10:48:40
VR-40,VR-40,0,2026-07-12 10:48:40
BET-8552,BET-8552,0,2026-07-12 10:48:40
LP-1573,LP-1573,0,2026-07-12 10:48:40
"TR-61,172","TR-61,172",0,2026-07-12 10:48:40
LP-1577,LP-1577,0,2026-07-12 10:48:40
LT-09,LT-09,0,2026-07-12 10:48:40
ZA-2608,ZA-2608,0,2026-07-12 10:48:40
TR-144,TR-144,0,2026-07-12 10:48:40
VR-29,VR-29,0,2026-07-12 10:48:40
PC-7812,PC-7812,0,2026-07-12 10:48:40
LP-1719,LP-1719,0,2026-07-12 10:48:40
VR-67,VR-67,0,2026-07-12 10:48:40
TR-01,TR-01,0,2026-07-12 10:48:40
GE-102,GE-102,0,2026-07-12 10:48:40
VR-48,VR-48,0,2026-07-12 10:48:40
ASC-19,ASC-19,0,2026-07-12 10:48:40
LP-1711,LP-1711,0,2026-07-12 10:48:40
EQP-E55W,E55W,1,2026-07-12 10:48:40
EQP-2.5KW Generator,2.5KW Generator,1,2026-07-12 10:48:40
EQP-Cola cart,Cola cart,1,2026-07-12 10:48:40
SR-15,SR-15,0,2026-07-12 10:48:40
LE-4986,LE-4986,0,2026-07-12 10:48:40
LL-0690,LL-0690,0,2026-07-12 10:48:40
MG-12,MG-12,0,2026-07-12 10:48:40
BGM-2094,BGM-2094,0,2026-07-12 10:48:40
WG-06,WG-06,0,2026-07-12 10:48:40
VR-69,VR-69,0,2026-07-12 10:48:40
VR-08,VR-08,0,2026-07-12 10:48:40
GE-152,GE-152,0,2026-07-12 10:48:40
TR-124,TR-124,0,2026-07-12 10:48:40
WP-89,WP-89,0,2026-07-12 10:48:40
KA-05,KA-05,0,2026-07-12 10:48:40
TR-63,TR-63,0,2026-07-12 10:48:40
TR-153,TR-153,0,2026-07-12 10:48:40
GE-95,GE-95,0,2026-07-12 10:48:40
GE-20,GE-20,0,2026-07-12 10:48:40
TR-115,TR-115,0,2026-07-12 10:48:40
HS-1773,HS-1773,0,2026-07-12 10:48:40
LK-4059,LK-4059,0,2026-07-12 10:48:40
EQP-water pump,water pump,1,2026-07-12 10:48:40
PTR-006,PTR-006,0,2026-07-12 10:48:40
MT-270,MT-270,0,2026-07-12 10:48:40
41-7225,41-7225,0,2026-07-12 10:48:40
LO-4925,LO-4925,0,2026-07-12 10:48:40
SL-24,SL-24,0,2026-07-12 10:48:40
SRS-01,SRS-01,0,2026-07-12 10:48:40
EQP-Batching plant,Batching plant,1,2026-07-12 10:48:40
RF-8340,RF-8340,0,2026-07-12 10:48:40
EQP-bar cutter,bar cutter,1,2026-07-12 10:48:40
ZA-7290,ZA-7290,0,2026-07-12 10:48:40
HS-1774,HS-1774,0,2026-07-12 10:48:40
EQP-Muthur Plant,Muthur Plant,1,2026-07-12 10:48:40
EQP-Wacker,Wacker,1,2026-07-12 10:48:40
LO-5983,LO-5983,0,2026-07-12 10:48:40
EQP-Elec. Hoist,Elec. Hoist,1,2026-07-12 10:48:40
LM-7940,LM-7940,0,2026-07-12 10:48:40
LI-3402,LI-3402,0,2026-07-12 10:48:40
EQP-Tractor tailor,Tractor tailor,1,2026-07-12 10:48:40
Crusher-cep03,Crusher-cep03,0,2026-07-12 10:48:40
SR-12,SR-12,0,2026-07-12 10:48:40
PE-3911,PE-3911,0,2026-07-12 10:48:40
HM-33,HM-33,0,2026-07-12 10:48:40
"TRN-05,19","TRN-05,19",0,2026-07-12 10:48:40
GE-115,GE-115,0,2026-07-12 10:48:40
EQP-Crusher Plant,Crusher Plant,1,2026-07-12 10:48:40
SL-18,SL-18,0,2026-07-12 10:48:40
"AC-01,02","AC-01,02",0,2026-07-12 10:48:40
ZB-1521,ZB-1521,0,2026-07-12 10:48:40
WG-9941,WG-9941,0,2026-07-12 10:48:40
MG-17,MG-17,0,2026-07-12 10:48:40
FL-02,FL-02,0,2026-07-12 10:48:40
EQP-Rammer,Rammer,1,2026-07-12 10:48:40
LD-08,LD-08,0,2026-07-12 10:48:40
SR-19,SR-19,0,2026-07-12 10:48:40
AC-25,AC-25,0,2026-07-12 10:48:40
SL-15,SL-15,0,2026-07-12 10:48:40
GE-147,GE-147,0,2026-07-12 10:48:40
GE-84,GE-84,0,2026-07-12 10:48:40
GE-53,GE-53,0,2026-07-12 10:48:40
MG-18,MG-18,0,2026-07-12 10:48:40
MG-03,MG-03,0,2026-07-12 10:48:40
VR-10,VR-10,0,2026-07-12 10:48:40
EQP-Pocker,Pocker,1,2026-07-12 10:48:40
EQP-2' water pump,2' water pump,1,2026-07-12 10:48:40
GE-144,GE-144,0,2026-07-12 10:48:40
GE-62,GE-62,0,2026-07-12 10:48:40
EQP-Bituman cart,Bituman cart,1,2026-07-12 10:48:40
GE-34,GE-34,0,2026-07-12 10:48:40
EQP-Bar Bender,Bar Bender,1,2026-07-12 10:48:40
TR-83/84,TR-83/84,0,2026-07-12 10:48:40
49-5294,49-5294,0,2026-07-12 10:48:40
EQP-bobcat boomer,bobcat boomer,1,2026-07-12 10:48:40
SR-18,SR-18,0,2026-07-12 10:48:40
EQP-1T roller,1T roller,1,2026-07-12 10:48:40
"EQP-porker vibrator, water pump","porker vibrator, water pump",1,2026-07-12 10:48:40
TR-20,TR-20,0,2026-07-12 10:48:40
MG -Mr Thilina,MG -Mr Thilina,0,2026-07-12 10:48:40
LT-21,LT-21,0,2026-07-12 10:48:40
PWG-01,PWG-01,0,2026-07-12 10:48:40
ASC-25,ASC-25,0,2026-07-12 10:48:40
LT-18,LT-18,0,2026-07-12 10:48:40
LT-20,LT-20,0,2026-07-12 10:48:40
LT-12,LT-12,0,2026-07-12 10:48:40
AC-01,AC-01,0,2026-07-12 10:48:40
ZA-7925,ZA-7925,0,2026-07-12 10:48:40
VR-71,VR-71,0,2026-07-12 10:48:40
EQP-Muthur plant,Muthur plant,1,2026-07-12 10:48:40
EQP-Diesel bowser,Diesel bowser,1,2026-07-12 10:48:40
GE-136,GE-136,0,2026-07-12 10:48:40
PH-9072,PH-9072,0,2026-07-12 10:48:40
ZB-1546,ZB-1546,0,2026-07-12 10:48:40
GE-11,GE-11,0,2026-07-12 10:48:40
ASC-27,ASC-27,0,2026-07-12 10:48:40
LP-1568,LP-1568,0,2026-07-12 10:48:40
WP-118,WP-118,0,2026-07-12 10:48:40
PRP-15,PRP-15,0,2026-07-12 10:48:40
TRN-13,TRN-13,0,2026-07-12 10:48:40
TRN-07,TRN-07,0,2026-07-12 10:48:40
SAC-02,SAC-02,0,2026-07-12 10:48:40
VR-66,VR-66,0,2026-07-12 10:48:40
LP-1572,LP-1572,0,2026-07-12 10:48:40
GE-01,GE-01,0,2026-07-12 10:48:40
EQP-Asphalt cutter,Asphalt cutter,1,2026-07-12 10:48:40
VR-23,VR-23,0,2026-07-12 10:48:40
MG-08,MG-08,0,2026-07-12 10:48:40
MG-13,MG-13,0,2026-07-12 10:48:40
EQP-air compressor,air compressor,1,2026-07-12 10:48:40
GE-39,GE-39,0,2026-07-12 10:48:40
AC-09,AC-09,0,2026-07-12 10:48:40
LC-6767,LC-6767,0,2026-07-12 10:48:40
GE-139,GE-139,0,2026-07-12 10:48:40
EQP-one bag mixture,one bag mixture,1,2026-07-12 10:48:40
EQP-Tractor bowser,Tractor bowser,1,2026-07-12 10:48:40
VR-53,VR-53,0,2026-07-12 10:48:40
SL-14,SL-14,0,2026-07-12 10:48:40
VR-64,VR-64,0,2026-07-12 10:48:40
EQP-Concrete Mixer,Concrete Mixer,1,2026-07-12 10:48:40
PA-3911,PA-3911,0,2026-07-12 10:48:40
"EQP-Water Pump 2""","Water Pump 2""",1,2026-07-12 10:48:40
GE-04,GE-04,0,2026-07-12 10:48:40
EQP-Elec. Air compressor,Elec. Air compressor,1,2026-07-12 10:48:40
ZB-2583,ZB-2583,0,2026-07-12 10:48:40
Asphalt cutter- S/N 2018 18003820009,Asphalt cutter- S/N 2018 18003820009,0,2026-07-12 10:48:40
SR-14,SR-14,0,2026-07-12 10:48:40
TB-02,TB-02,0,2026-07-12 10:48:40
BET-8772,BET-8772,0,2026-07-12 10:48:40
VR-13,VR-13,0,2026-07-12 10:48:40
EQP-Vibro Hammer,Vibro Hammer,1,2026-07-12 10:48:40
KC-08,KC-08,0,2026-07-12 10:48:40
WG-10,WG-10,0,2026-07-12 10:48:40
GE-131,GE-131,0,2026-07-12 10:48:40
SMG-01,SMG-01,0,2026-07-12 10:48:40
SMG-02,SMG-02,0,2026-07-12 10:48:40
EQP-PV,PV,1,2026-07-12 10:48:40
FL-01,FL-01,0,2026-07-12 10:48:40
EQP-Plate Compactor,Plate Compactor,1,2026-07-12 10:48:40
TB-01,TB-01,0,2026-07-12 10:48:40
GE-126,GE-126,0,2026-07-12 10:48:40
EQP-1T Roller,1T Roller,1,2026-07-12 10:48:40
EQP-2KW Generator,2KW Generator,1,2026-07-12 10:48:40
"EQP-6"" WP","6"" WP",1,2026-07-12 10:48:40
PV-2nos,PV-2nos,0,2026-07-12 10:48:40
GE-64,GE-64,0,2026-07-12 10:48:40
EQP-Fuel filling station,Fuel filling station,1,2026-07-12 10:48:40
"EQP-4"" WP","4"" WP",1,2026-07-12 10:48:40
EQP-Asphalt plant,Asphalt plant,1,2026-07-12 10:48:40
EQP-Light Plant,Light Plant,1,2026-07-12 10:48:40
ZB-2587(LB-23),ZB-2587(LB-23),0,2026-07-12 10:48:40
ZB-1548(LB-18),ZB-1548(LB-18),0,2026-07-12 10:48:40
LB-25,LB-25,0,2026-07-12 10:48:40
PJ-7606,PJ-7606,0,2026-07-12 10:48:40
EQP-Jack Hammer,Jack Hammer,1,2026-07-12 10:48:40
ACS-21,ACS-21,0,2026-07-12 10:48:40
51-7188,51-7188,0,2026-07-12 10:48:40
10-7182,10-7182,0,2026-07-12 10:48:40
10-5983,10-5983,0,2026-07-12 10:48:40
PA-6744,PA-6744,0,2026-07-12 10:48:40
SL-17,SL-17,0,2026-07-12 10:48:40
LB-26 / ZB-4605,LB-26 / ZB-4605,0,2026-07-12 10:48:40
EQP-Wacker 2 Nos,Wacker 2 Nos,1,2026-07-12 10:48:40
EQP-Engine driven water pump,Engine driven water pump,1,2026-07-12 10:48:40
CM-02,CM-02,0,2026-07-12 10:48:40
Diesel Unloading Motor - Filling station badalgama yard,Diesel Unloading Motor - Filling station badalgama yard,0,2026-07-12 10:48:40
LB-21,LB-21,0,2026-07-12 10:48:40
TR-146,TR-146,0,2026-07-12 10:48:40
ZB-1980,ZB-1980,0,2026-07-12 10:48:40
LI-3857,LI-3857,0,2026-07-12 10:48:40
VR-59,VR-59,0,2026-07-12 10:48:40
BII-2094,BII-2094,0,2026-07-12 10:48:40
