site_name,is_nonstandard,job_count,created_at
Badalgama,0,1007,2026-07-12 10:48:40
Muthur Plant,0,75,2026-07-12 10:48:40
Katana,0,147,2026-07-12 10:48:40
Galenbidunuwewa,0,21,2026-07-12 10:48:40
Chilaw,0,23,2026-07-12 10:48:40
Mundalama Estate,0,25,2026-07-12 10:48:40
Solution,1,47,2026-07-12 10:48:40
Kottukachchi,0,2,2026-07-12 10:48:40
Maggona,0,16,2026-07-12 10:48:40
H/O,1,33,2026-07-12 10:48:40
Mihinthale,0,39,2026-07-12 10:48:40
Puttlam,0,13,2026-07-12 10:48:40
Wellawaya,0,1,2026-07-12 10:48:40
W/S C-com,1,1,2026-07-12 10:48:40
Nawagattegama,0,3,2026-07-12 10:48:40
Gammirisgaswewa,0,3,2026-07-12 10:48:40
Pulmude,0,1,2026-07-12 10:48:40
TR-01,1,1,2026-07-12 10:48:40
Kadawatha,0,29,2026-07-12 10:48:40
TR-03,1,1,2026-07-12 10:48:40
Nochchiyagama,0,8,2026-07-12 10:48:40
Wadakada,0,60,2026-07-12 10:48:40
Alawwa,0,10,2026-07-12 10:48:40
Muthur,0,11,2026-07-12 10:48:40
Trinco,0,10,2026-07-12 10:48:40
Galnewa,0,15,2026-07-12 10:48:40
Buttala,0,12,2026-07-12 10:48:40
cep-03,1,535,2026-07-12 10:48:40
Siyabalanduwa,0,2,2026-07-12 10:48:40
Abanpola,0,18,2026-07-12 10:48:40
Anuradhapura,0,1,2026-07-12 10:48:40
Kilinochchi,0,71,2026-07-12 10:48:40
A/team,1,3,2026-07-12 10:48:40
ja-ela bridge,1,6,2026-07-12 10:48:40
Asphalt Team,0,20,2026-07-12 10:48:40
Doramadalawa,0,7,2026-07-12 10:48:40
Thisawewa,0,4,2026-07-12 10:48:40
Biyagama,0,13,2026-07-12 10:48:40
Kallanchiya,0,8,2026-07-12 10:48:40
Tisawewa,0,1,2026-07-12 10:48:40
Mihinthale Quarry,0,2,2026-07-12 10:48:40
Weliweriya,0,1,2026-07-12 10:48:40
Maggona Bridge,0,1,2026-07-12 10:48:40
Erawur,0,35,2026-07-12 10:48:40
Access Hire,0,1,2026-07-12 10:48:40
Minuwangoda,0,1,2026-07-12 10:48:40
Gampaha Bridge,0,5,2026-07-12 10:48:40
Thalawa,0,5,2026-07-12 10:48:40
A/Plant,1,1,2026-07-12 10:48:40
Thebuwana,0,11,2026-07-12 10:48:40
Moragahakanda,0,12,2026-07-12 10:48:40
Palawatta,0,1,2026-07-12 10:48:40
Thanthirimale,0,1,2026-07-12 10:48:40
Bulnewa,0,1,2026-07-12 10:48:40
Dekatana,0,12,2026-07-12 10:48:40
h/o,1,3,2026-07-12 10:48:40
Mihinthale Plant,0,1,2026-07-12 10:48:40
Hambantota,0,3,2026-07-12 10:48:40
Serunuwara,0,15,2026-07-12 10:48:40
Marandagahamula,0,1,2026-07-12 10:48:40
Kebithigollawa,0,1,2026-07-12 10:48:40
Port City,0,36,2026-07-12 10:48:40
Batticaloa,0,159,2026-07-12 10:48:40
Thissamaharama,0,2,2026-07-12 10:48:40
Ranpokunagama,0,2,2026-07-12 10:48:40
Rattota,0,1,2026-07-12 10:48:40
Mathale,0,11,2026-07-12 10:48:40
Anuradhapura Lab,0,1,2026-07-12 10:48:40
Neluwa-solution,1,2,2026-07-12 10:48:40
Neluwa,0,13,2026-07-12 10:48:40
Ududumbara,0,11,2026-07-12 10:48:40
Ruwanwella,0,127,2026-07-12 10:48:40
Raththota,0,16,2026-07-12 10:48:40
H/o,1,1,2026-07-12 10:48:40
Gampaha,0,7,2026-07-12 10:48:40
Kallanchi,0,1,2026-07-12 10:48:40
Asphalt plant-badalgama,1,1,2026-07-12 10:48:40
A/Team,1,5,2026-07-12 10:48:40
Iginimitiya,0,1,2026-07-12 10:48:40
Fabrication,0,6,2026-07-12 10:48:40
Inginimitiya,0,11,2026-07-12 10:48:40
Baticaloa,0,14,2026-07-12 10:48:40
Marawila,0,64,2026-07-12 10:48:40
Batching Plant,0,1,2026-07-12 10:48:40
Kimbulapitiya,0,1,2026-07-12 10:48:40
Rathmalana Airport,0,1,2026-07-12 10:48:40
Lab,0,4,2026-07-12 10:48:40
Mallawagedara Bridge,0,6,2026-07-12 10:48:40
Kalalgamuwa,0,1,2026-07-12 10:48:40
Kandawala Filling Station,0,1,2026-07-12 10:48:40
A/P Badalgama,1,1,2026-07-12 10:48:40
CEP-03,1,35,2026-07-12 10:48:40
Battcaloa,0,5,2026-07-12 10:48:40
Mallawagedara,0,2,2026-07-12 10:48:40
Kotugoda Bridge,0,5,2026-07-12 10:48:40
Ware House Project,0,8,2026-07-12 10:48:40
Jafna,0,1,2026-07-12 10:48:40
Awissawella Bridge,0,3,2026-07-12 10:48:40
Karathiv Bridge,0,2,2026-07-12 10:48:40
Auto Bacs,0,1,2026-07-12 10:48:40
A/plant,1,1,2026-07-12 10:48:40
Whare House Project,0,3,2026-07-12 10:48:40
Musali,0,2,2026-07-12 10:48:40
Warehouse Project,0,5,2026-07-12 10:48:40
Marawila / Badalgama,1,1,2026-07-12 10:48:40
Maravila,0,3,2026-07-12 10:48:40
Mannar,0,9,2026-07-12 10:48:40
Mannar (Musali),1,1,2026-07-12 10:48:40
Panama Site,0,1,2026-07-12 10:48:40
Where House Project,0,3,2026-07-12 10:48:40
Galagedara,0,3,2026-07-12 10:48:40
Batticaloa LoT-02,1,1,2026-07-12 10:48:40
Solution Inginimitiya,0,1,2026-07-12 10:48:40
Ja-Ela,1,1,2026-07-12 10:48:40
